<?xml version="1.0" encoding="utf-8"?><!-- Copyright (c) Microsoft Corporation.  All rights reserved. --><GroupPolicyBackupScheme bkp:version="2.0" bkp:type="GroupPolicyBackupTemplate" xmlns:bkp="http://www.microsoft.com/GroupPolicy/GPOOperations" xmlns="http://www.microsoft.com/GroupPolicy/GPOOperations">
    <GroupPolicyObject><SecurityGroups><Group><Sid/><SamAccountName><![CDATA[Guests]]></SamAccountName><Type><![CDATA[Unknown]]></Type><NetBIOSDomainName/><DnsDomainName/><UPN/></Group><Group><Sid><![CDATA[S-1-5-21-92859918-848408238-1587758755-516]]></Sid><SamAccountName><![CDATA[Domain Controllers]]></SamAccountName><Type><![CDATA[GlobalGroup]]></Type><NetBIOSDomainName><![CDATA[CONTOSO]]></NetBIOSDomainName><DnsDomainName><![CDATA[CONTOSO.COM]]></DnsDomainName><UPN><![CDATA[Domain Controllers@CONTOSO.COM]]></UPN></Group><Group><Sid><![CDATA[S-1-5-21-92859918-848408238-1587758755-518]]></Sid><SamAccountName><![CDATA[Schema Admins]]></SamAccountName><Type><![CDATA[UniversalGroup]]></Type><NetBIOSDomainName><![CDATA[CONTOSO]]></NetBIOSDomainName><DnsDomainName><![CDATA[CONTOSO.COM]]></DnsDomainName><UPN><![CDATA[Schema Admins@CONTOSO.COM]]></UPN></Group><Group><Sid><![CDATA[S-1-5-21-92859918-848408238-1587758755-519]]></Sid><SamAccountName><![CDATA[Enterprise Admins]]></SamAccountName><Type><![CDATA[UniversalGroup]]></Type><NetBIOSDomainName><![CDATA[CONTOSO]]></NetBIOSDomainName><DnsDomainName><![CDATA[CONTOSO.COM]]></DnsDomainName><UPN><![CDATA[Enterprise Admins@CONTOSO.COM]]></UPN></Group><Group><Sid><![CDATA[S-1-5-21-92859918-848408238-1587758755-517]]></Sid><SamAccountName><![CDATA[Cert Publishers]]></SamAccountName><Type><![CDATA[LocalGroup]]></Type><NetBIOSDomainName><![CDATA[CONTOSO]]></NetBIOSDomainName><DnsDomainName><![CDATA[CONTOSO.COM]]></DnsDomainName><UPN><![CDATA[Cert Publishers@CONTOSO.COM]]></UPN></Group><Group><Sid><![CDATA[S-1-5-21-92859918-848408238-1587758755-512]]></Sid><SamAccountName><![CDATA[Domain Admins]]></SamAccountName><Type><![CDATA[GlobalGroup]]></Type><NetBIOSDomainName><![CDATA[CONTOSO]]></NetBIOSDomainName><DnsDomainName><![CDATA[CONTOSO.COM]]></DnsDomainName><UPN><![CDATA[Domain Admins@CONTOSO.COM]]></UPN></Group><Group><Sid><![CDATA[S-1-5-21-92859918-848408238-1587758755-520]]></Sid><SamAccountName><![CDATA[Group Policy Creator Owners]]></SamAccountName><Type><![CDATA[GlobalGroup]]></Type><NetBIOSDomainName><![CDATA[CONTOSO]]></NetBIOSDomainName><DnsDomainName><![CDATA[CONTOSO.COM]]></DnsDomainName><UPN><![CDATA[Group Policy Creator Owners@CONTOSO.COM]]></UPN></Group><Group><Sid><![CDATA[S-1-5-21-92859918-848408238-1587758755-521]]></Sid><SamAccountName><![CDATA[Read-only Domain Controllers]]></SamAccountName><Type><![CDATA[GlobalGroup]]></Type><NetBIOSDomainName><![CDATA[CONTOSO]]></NetBIOSDomainName><DnsDomainName><![CDATA[CONTOSO.COM]]></DnsDomainName><UPN><![CDATA[Read-only Domain Controllers@CONTOSO.COM]]></UPN></Group><Group><Sid><![CDATA[S-1-5-21-92859918-848408238-1587758755-498]]></Sid><SamAccountName><![CDATA[Enterprise Read-only Domain Controllers]]></SamAccountName><Type><![CDATA[UniversalGroup]]></Type><NetBIOSDomainName><![CDATA[CONTOSO]]></NetBIOSDomainName><DnsDomainName><![CDATA[CONTOSO.COM]]></DnsDomainName><UPN><![CDATA[Enterprise Read-only Domain Controllers@CONTOSO.COM]]></UPN></Group><Group><Sid><![CDATA[S-1-5-21-92859918-848408238-1587758755-522]]></Sid><SamAccountName><![CDATA[Cloneable Domain Controllers]]></SamAccountName><Type><![CDATA[GlobalGroup]]></Type><NetBIOSDomainName><![CDATA[CONTOSO]]></NetBIOSDomainName><DnsDomainName><![CDATA[CONTOSO.COM]]></DnsDomainName><UPN><![CDATA[Cloneable Domain Controllers@CONTOSO.COM]]></UPN></Group><Group><Sid><![CDATA[S-1-5-21-92859918-848408238-1587758755-526]]></Sid><SamAccountName><![CDATA[Key Admins]]></SamAccountName><Type><![CDATA[GlobalGroup]]></Type><NetBIOSDomainName><![CDATA[CONTOSO]]></NetBIOSDomainName><DnsDomainName><![CDATA[CONTOSO.COM]]></DnsDomainName><UPN><![CDATA[Key Admins@CONTOSO.COM]]></UPN></Group><Group><Sid><![CDATA[S-1-5-21-92859918-848408238-1587758755-527]]></Sid><SamAccountName><![CDATA[Enterprise Key Admins]]></SamAccountName><Type><![CDATA[UniversalGroup]]></Type><NetBIOSDomainName><![CDATA[CONTOSO]]></NetBIOSDomainName><DnsDomainName><![CDATA[CONTOSO.COM]]></DnsDomainName><UPN><![CDATA[Enterprise Key Admins@CONTOSO.COM]]></UPN></Group><Group><Sid><![CDATA[S-1-5-21-92859918-848408238-1587758755-1101]]></Sid><SamAccountName><![CDATA[DnsAdmins]]></SamAccountName><Type><![CDATA[LocalGroup]]></Type><NetBIOSDomainName><![CDATA[CONTOSO]]></NetBIOSDomainName><DnsDomainName><![CDATA[CONTOSO.COM]]></DnsDomainName><UPN><![CDATA[DnsAdmins@CONTOSO.COM]]></UPN></Group><Group><Sid><![CDATA[S-1-5-21-92859918-848408238-1587758755-1102]]></Sid><SamAccountName><![CDATA[DnsUpdateProxy]]></SamAccountName><Type><![CDATA[GlobalGroup]]></Type><NetBIOSDomainName><![CDATA[CONTOSO]]></NetBIOSDomainName><DnsDomainName><![CDATA[CONTOSO.COM]]></DnsDomainName><UPN><![CDATA[DnsUpdateProxy@CONTOSO.COM]]></UPN></Group><Group><Sid><![CDATA[S-1-5-21-92859918-848408238-1587758755-1106]]></Sid><SamAccountName><![CDATA[Tier0VpnAccounts]]></SamAccountName><Type><![CDATA[GlobalGroup]]></Type><NetBIOSDomainName><![CDATA[CONTOSO]]></NetBIOSDomainName><DnsDomainName><![CDATA[CONTOSO.COM]]></DnsDomainName><UPN><![CDATA[Tier0VpnAccounts@CONTOSO.COM]]></UPN></Group><Group><Sid><![CDATA[S-1-5-21-92859918-848408238-1587758755-1107]]></Sid><SamAccountName><![CDATA[Tier1Admins]]></SamAccountName><Type><![CDATA[GlobalGroup]]></Type><NetBIOSDomainName><![CDATA[CONTOSO]]></NetBIOSDomainName><DnsDomainName><![CDATA[CONTOSO.COM]]></DnsDomainName><UPN><![CDATA[Tier1Admins@CONTOSO.COM]]></UPN></Group><Group><Sid><![CDATA[S-1-5-21-92859918-848408238-1587758755-1108]]></Sid><SamAccountName><![CDATA[Tier1Operators]]></SamAccountName><Type><![CDATA[GlobalGroup]]></Type><NetBIOSDomainName><![CDATA[CONTOSO]]></NetBIOSDomainName><DnsDomainName><![CDATA[CONTOSO.COM]]></DnsDomainName><UPN><![CDATA[Tier1Operators@CONTOSO.COM]]></UPN></Group><Group><Sid><![CDATA[S-1-5-21-92859918-848408238-1587758755-1109]]></Sid><SamAccountName><![CDATA[Tier1ServerOperators]]></SamAccountName><Type><![CDATA[GlobalGroup]]></Type><NetBIOSDomainName><![CDATA[CONTOSO]]></NetBIOSDomainName><DnsDomainName><![CDATA[CONTOSO.COM]]></DnsDomainName><UPN><![CDATA[Tier1ServerOperators@CONTOSO.COM]]></UPN></Group><Group><Sid><![CDATA[S-1-5-21-92859918-848408238-1587758755-1110]]></Sid><SamAccountName><![CDATA[Tier2Admins]]></SamAccountName><Type><![CDATA[GlobalGroup]]></Type><NetBIOSDomainName><![CDATA[CONTOSO]]></NetBIOSDomainName><DnsDomainName><![CDATA[CONTOSO.COM]]></DnsDomainName><UPN><![CDATA[Tier2Admins@CONTOSO.COM]]></UPN></Group><Group><Sid><![CDATA[S-1-5-21-92859918-848408238-1587758755-1111]]></Sid><SamAccountName><![CDATA[Tier2AccountOperators]]></SamAccountName><Type><![CDATA[GlobalGroup]]></Type><NetBIOSDomainName><![CDATA[CONTOSO]]></NetBIOSDomainName><DnsDomainName><![CDATA[CONTOSO.COM]]></DnsDomainName><UPN><![CDATA[Tier2AccountOperators@CONTOSO.COM]]></UPN></Group><Group><Sid><![CDATA[S-1-5-21-92859918-848408238-1587758755-1112]]></Sid><SamAccountName><![CDATA[Tier2ComputerQuarantineOperators]]></SamAccountName><Type><![CDATA[GlobalGroup]]></Type><NetBIOSDomainName><![CDATA[CONTOSO]]></NetBIOSDomainName><DnsDomainName><![CDATA[CONTOSO.COM]]></DnsDomainName><UPN><![CDATA[Tier2ComputerQuarantineOperators@CONTOSO.COM]]></UPN></Group><Group><Sid><![CDATA[S-1-5-21-92859918-848408238-1587758755-1113]]></Sid><SamAccountName><![CDATA[Tier2DeviceOperators]]></SamAccountName><Type><![CDATA[GlobalGroup]]></Type><NetBIOSDomainName><![CDATA[CONTOSO]]></NetBIOSDomainName><DnsDomainName><![CDATA[CONTOSO.COM]]></DnsDomainName><UPN><![CDATA[Tier2DeviceOperators@CONTOSO.COM]]></UPN></Group><Group><Sid><![CDATA[S-1-5-21-92859918-848408238-1587758755-1114]]></Sid><SamAccountName><![CDATA[Tier2GroupOperators]]></SamAccountName><Type><![CDATA[GlobalGroup]]></Type><NetBIOSDomainName><![CDATA[CONTOSO]]></NetBIOSDomainName><DnsDomainName><![CDATA[CONTOSO.COM]]></DnsDomainName><UPN><![CDATA[Tier2GroupOperators@CONTOSO.COM]]></UPN></Group><Group><Sid><![CDATA[S-1-5-21-92859918-848408238-1587758755-1115]]></Sid><SamAccountName><![CDATA[Tier2HelpdeskOperators]]></SamAccountName><Type><![CDATA[GlobalGroup]]></Type><NetBIOSDomainName><![CDATA[CONTOSO]]></NetBIOSDomainName><DnsDomainName><![CDATA[CONTOSO.COM]]></DnsDomainName><UPN><![CDATA[Tier2HelpdeskOperators@CONTOSO.COM]]></UPN></Group><Group><Sid><![CDATA[S-1-5-21-92859918-848408238-1587758755-1116]]></Sid><SamAccountName><![CDATA[Tier2Operators]]></SamAccountName><Type><![CDATA[GlobalGroup]]></Type><NetBIOSDomainName><![CDATA[CONTOSO]]></NetBIOSDomainName><DnsDomainName><![CDATA[CONTOSO.COM]]></DnsDomainName><UPN><![CDATA[Tier2Operators@CONTOSO.COM]]></UPN></Group><Group><Sid><![CDATA[S-1-5-21-92859918-848408238-1587758755-1117]]></Sid><SamAccountName><![CDATA[Tier0Admins]]></SamAccountName><Type><![CDATA[GlobalGroup]]></Type><NetBIOSDomainName><![CDATA[CONTOSO]]></NetBIOSDomainName><DnsDomainName><![CDATA[CONTOSO.COM]]></DnsDomainName><UPN><![CDATA[Tier0Admins@CONTOSO.COM]]></UPN></Group><Group><Sid><![CDATA[S-1-5-21-92859918-848408238-1587758755-1118]]></Sid><SamAccountName><![CDATA[PawDomainJoin]]></SamAccountName><Type><![CDATA[GlobalGroup]]></Type><NetBIOSDomainName><![CDATA[CONTOSO]]></NetBIOSDomainName><DnsDomainName><![CDATA[CONTOSO.COM]]></DnsDomainName><UPN><![CDATA[PawDomainJoin@CONTOSO.COM]]></UPN></Group><Group><Sid><![CDATA[S-1-5-21-92859918-848408238-1587758755-1119]]></Sid><SamAccountName><![CDATA[Tier0Operators]]></SamAccountName><Type><![CDATA[GlobalGroup]]></Type><NetBIOSDomainName><![CDATA[CONTOSO]]></NetBIOSDomainName><DnsDomainName><![CDATA[CONTOSO.COM]]></DnsDomainName><UPN><![CDATA[Tier0Operators@CONTOSO.COM]]></UPN></Group><Group><Sid><![CDATA[S-1-5-21-92859918-848408238-1587758755-1120]]></Sid><SamAccountName><![CDATA[Tier0ServerOperators]]></SamAccountName><Type><![CDATA[GlobalGroup]]></Type><NetBIOSDomainName><![CDATA[CONTOSO]]></NetBIOSDomainName><DnsDomainName><![CDATA[CONTOSO.COM]]></DnsDomainName><UPN><![CDATA[Tier0ServerOperators@CONTOSO.COM]]></UPN></Group><Group><Sid><![CDATA[S-1-5-21-92859918-848408238-1587758755-1121]]></Sid><SamAccountName><![CDATA[Tier0ServiceAccounts]]></SamAccountName><Type><![CDATA[GlobalGroup]]></Type><NetBIOSDomainName><![CDATA[CONTOSO]]></NetBIOSDomainName><DnsDomainName><![CDATA[CONTOSO.COM]]></DnsDomainName><UPN><![CDATA[Tier0ServiceAccounts@CONTOSO.COM]]></UPN></Group><Group><Sid><![CDATA[S-1-5-21-92859918-848408238-1587758755-1122]]></Sid><SamAccountName><![CDATA[Tier1ServiceAccounts]]></SamAccountName><Type><![CDATA[GlobalGroup]]></Type><NetBIOSDomainName><![CDATA[CONTOSO]]></NetBIOSDomainName><DnsDomainName><![CDATA[CONTOSO.COM]]></DnsDomainName><UPN><![CDATA[Tier1ServiceAccounts@CONTOSO.COM]]></UPN></Group><Group><Sid><![CDATA[S-1-5-21-92859918-848408238-1587758755-1123]]></Sid><SamAccountName><![CDATA[Tier2ServiceAccounts]]></SamAccountName><Type><![CDATA[GlobalGroup]]></Type><NetBIOSDomainName><![CDATA[CONTOSO]]></NetBIOSDomainName><DnsDomainName><![CDATA[CONTOSO.COM]]></DnsDomainName><UPN><![CDATA[Tier2ServiceAccounts@CONTOSO.COM]]></UPN></Group><Group><Sid><![CDATA[S-1-5-21-92859918-848408238-1587758755-1124]]></Sid><SamAccountName><![CDATA[Tier1VpnAccounts]]></SamAccountName><Type><![CDATA[GlobalGroup]]></Type><NetBIOSDomainName><![CDATA[CONTOSO]]></NetBIOSDomainName><DnsDomainName><![CDATA[CONTOSO.COM]]></DnsDomainName><UPN><![CDATA[Tier1VpnAccounts@CONTOSO.COM]]></UPN></Group><Group><Sid><![CDATA[S-1-5-21-92859918-848408238-1587758755-1125]]></Sid><SamAccountName><![CDATA[Tier2VpnAccounts]]></SamAccountName><Type><![CDATA[GlobalGroup]]></Type><NetBIOSDomainName><![CDATA[CONTOSO]]></NetBIOSDomainName><DnsDomainName><![CDATA[CONTOSO.COM]]></DnsDomainName><UPN><![CDATA[Tier2VpnAccounts@CONTOSO.COM]]></UPN></Group><Group><Sid><![CDATA[S-1-5-21-92859918-848408238-1587758755-1127]]></Sid><SamAccountName><![CDATA[Tier1ServerDomainJoin]]></SamAccountName><Type><![CDATA[GlobalGroup]]></Type><NetBIOSDomainName><![CDATA[CONTOSO]]></NetBIOSDomainName><DnsDomainName><![CDATA[CONTOSO.COM]]></DnsDomainName><UPN><![CDATA[Tier1ServerDomainJoin@CONTOSO.COM]]></UPN></Group></SecurityGroups><FilePaths/><GroupPolicyCoreSettings><ID><![CDATA[{4baf7a47-bf66-496c-b769-0e1b28cd17aa}]]></ID><Domain><![CDATA[CONTOSO.COM]]></Domain><SecurityDescriptor>01 00 04 9c 00 00 00 00 00 00 00 00 00 00 00 00 14 00 00 00 04 00 24 01 09 00 00 00 06 00 38 00 00 01 00 00 01 00 00 00 8f fd ac ed b3 ff d1 11 b4 1d 00 a0 c9 68 f9 39 01 05 00 00 00 00 00 05 15 00 00 00 0e ee 88 05 ae ae 91 32 a3 46 a3 5e 04 02 00 00 05 02 28 00 00 01 00 00 01 00 00 00 8f fd ac ed b3 ff d1 11 b4 1d 00 a0 c9 68 f9 39 01 01 00 00 00 00 00 05 0b 00 00 00 00 02 24 00 14 00 02 00 01 05 00 00 00 00 00 05 15 00 00 00 0e ee 88 05 ae ae 91 32 a3 46 a3 5e 04 02 00 00 00 02 24 00 ff 00 0f 00 01 05 00 00 00 00 00 05 15 00 00 00 0e ee 88 05 ae ae 91 32 a3 46 a3 5e 00 02 00 00 00 02 24 00 ff 00 0f 00 01 05 00 00 00 00 00 05 15 00 00 00 0e ee 88 05 ae ae 91 32 a3 46 a3 5e 07 02 00 00 00 02 14 00 94 00 02 00 01 01 00 00 00 00 00 05 09 00 00 00 00 02 14 00 94 00 02 00 01 01 00 00 00 00 00 05 0b 00 00 00 00 02 14 00 ff 00 0f 00 01 01 00 00 00 00 00 05 12 00 00 00 00 0a 14 00 ff 00 0f 00 01 01 00 00 00 00 00 03 00 00 00 00</SecurityDescriptor><DisplayName><![CDATA[*- Tier Model Account Restrictions]]></DisplayName><Options><![CDATA[1]]></Options><UserVersionNumber><![CDATA[65537]]></UserVersionNumber><MachineVersionNumber><![CDATA[65537]]></MachineVersionNumber><MachineExtensionGuids><![CDATA[[{35378EAC-683F-11D2-A89A-00C04FBBCFA2}{D02B1F72-3407-48AE-BA88-E8213C6761F1}][{827D319E-6EAC-11D2-A4EA-00C04F79F83A}{803E14A0-B4FB-11D0-A0D0-00A0C90F574B}]]]></MachineExtensionGuids><UserExtensionGuids/><WMIFilter/></GroupPolicyCoreSettings> 
        <GroupPolicyExtension bkp:ID="{35378EAC-683F-11D2-A89A-00C04FBBCFA2}" bkp:DescName="Registry">
            <FSObjectFile bkp:Path="%GPO_MACH_FSPATH%\registry.pol" bkp:SourceExpandedPath="\\SRV2025.CONTOSO.COM\sysvol\CONTOSO.COM\Policies\{4baf7a47-bf66-496c-b769-0e1b28cd17aa}\Machine\registry.pol" bkp:Location="DomainSysvol\GPO\Machine\registry.pol"/>
            
            <FSObjectFile bkp:Path="%GPO_FSPATH%\Adm\*.*" bkp:SourceExpandedPath="\\SRV2025.CONTOSO.COM\sysvol\CONTOSO.COM\Policies\{4baf7a47-bf66-496c-b769-0e1b28cd17aa}\Adm\*.*"/>
        </GroupPolicyExtension>
        
        
        
        
        <GroupPolicyExtension bkp:ID="{827D319E-6EAC-11D2-A4EA-00C04F79F83A}" bkp:DescName="Security">
            <FSObjectFile bkp:Path="%GPO_MACH_FSPATH%\microsoft\windows nt\SecEdit\GptTmpl.inf" bkp:SourceExpandedPath="\\SRV2025.CONTOSO.COM\sysvol\CONTOSO.COM\Policies\{4baf7a47-bf66-496c-b769-0e1b28cd17aa}\Machine\microsoft\windows nt\SecEdit\GptTmpl.inf" bkp:ReEvaluateFunction="SecurityValidateSettings" bkp:Location="DomainSysvol\GPO\Machine\microsoft\windows nt\SecEdit\GptTmpl.inf"/>
        </GroupPolicyExtension>
        
        
        
        
    <GroupPolicyExtension bkp:ID="{F15C46CD-82A0-4C2D-A210-5D0D3182A418}" bkp:DescName="Unknown Extension"><FSObjectFile bkp:Path="%GPO_FSPATH%\GPO.cmt" bkp:SourceExpandedPath="\\SRV2025.CONTOSO.COM\sysvol\CONTOSO.COM\Policies\{4baf7a47-bf66-496c-b769-0e1b28cd17aa}\GPO.cmt" bkp:Location="DomainSysvol\GPO\GPO.cmt"/><FSObjectDir bkp:Path="%GPO_MACH_FSPATH%\Applications" bkp:SourceExpandedPath="\\SRV2025.CONTOSO.COM\sysvol\CONTOSO.COM\Policies\{4baf7a47-bf66-496c-b769-0e1b28cd17aa}\Machine\Applications" bkp:Location="DomainSysvol\GPO\Machine\Applications"/><FSObjectFile bkp:Path="%GPO_MACH_FSPATH%\comment.cmtx" bkp:SourceExpandedPath="\\SRV2025.CONTOSO.COM\sysvol\CONTOSO.COM\Policies\{4baf7a47-bf66-496c-b769-0e1b28cd17aa}\Machine\comment.cmtx" bkp:Location="DomainSysvol\GPO\Machine\comment.cmtx"/><FSObjectDir bkp:Path="%GPO_MACH_FSPATH%\microsoft" bkp:SourceExpandedPath="\\SRV2025.CONTOSO.COM\sysvol\CONTOSO.COM\Policies\{4baf7a47-bf66-496c-b769-0e1b28cd17aa}\Machine\microsoft" bkp:Location="DomainSysvol\GPO\Machine\microsoft"/><FSObjectDir bkp:Path="%GPO_MACH_FSPATH%\microsoft\windows nt" bkp:SourceExpandedPath="\\SRV2025.CONTOSO.COM\sysvol\CONTOSO.COM\Policies\{4baf7a47-bf66-496c-b769-0e1b28cd17aa}\Machine\microsoft\windows nt" bkp:Location="DomainSysvol\GPO\Machine\microsoft\windows nt"/><FSObjectDir bkp:Path="%GPO_MACH_FSPATH%\microsoft\windows nt\SecEdit" bkp:SourceExpandedPath="\\SRV2025.CONTOSO.COM\sysvol\CONTOSO.COM\Policies\{4baf7a47-bf66-496c-b769-0e1b28cd17aa}\Machine\microsoft\windows nt\SecEdit" bkp:Location="DomainSysvol\GPO\Machine\microsoft\windows nt\SecEdit"/><FSObjectDir bkp:Path="%GPO_MACH_FSPATH%\Preferences" bkp:SourceExpandedPath="\\SRV2025.CONTOSO.COM\sysvol\CONTOSO.COM\Policies\{4baf7a47-bf66-496c-b769-0e1b28cd17aa}\Machine\Preferences" bkp:Location="DomainSysvol\GPO\Machine\Preferences"/><FSObjectDir bkp:Path="%GPO_MACH_FSPATH%\Preferences\Groups" bkp:SourceExpandedPath="\\SRV2025.CONTOSO.COM\sysvol\CONTOSO.COM\Policies\{4baf7a47-bf66-496c-b769-0e1b28cd17aa}\Machine\Preferences\Groups" bkp:Location="DomainSysvol\GPO\Machine\Preferences\Groups"/><FSObjectDir bkp:Path="%GPO_MACH_FSPATH%\Scripts" bkp:SourceExpandedPath="\\SRV2025.CONTOSO.COM\sysvol\CONTOSO.COM\Policies\{4baf7a47-bf66-496c-b769-0e1b28cd17aa}\Machine\Scripts" bkp:Location="DomainSysvol\GPO\Machine\Scripts"/><FSObjectDir bkp:Path="%GPO_MACH_FSPATH%\Scripts\Shutdown" bkp:SourceExpandedPath="\\SRV2025.CONTOSO.COM\sysvol\CONTOSO.COM\Policies\{4baf7a47-bf66-496c-b769-0e1b28cd17aa}\Machine\Scripts\Shutdown" bkp:Location="DomainSysvol\GPO\Machine\Scripts\Shutdown"/><FSObjectDir bkp:Path="%GPO_MACH_FSPATH%\Scripts\Startup" bkp:SourceExpandedPath="\\SRV2025.CONTOSO.COM\sysvol\CONTOSO.COM\Policies\{4baf7a47-bf66-496c-b769-0e1b28cd17aa}\Machine\Scripts\Startup" bkp:Location="DomainSysvol\GPO\Machine\Scripts\Startup"/></GroupPolicyExtension></GroupPolicyObject>
</GroupPolicyBackupScheme>