<BackupInst xmlns="http://www.microsoft.com/GroupPolicy/GPOOperations/Manifest"><GPOGuid><![CDATA[{ade34580-ad01-44d6-b665-9fc59e01b048}]]></GPOGuid><GPODomain><![CDATA[CONTOSO.COM]]></GPODomain><GPODomainGuid><![CDATA[{ea39afcd-e4e8-4773-bdff-4027a7a679b6}]]></GPODomainGuid><GPODomainController><![CDATA[SRV2025.CONTOSO.COM]]></GPODomainController><BackupTime><![CDATA[2025-09-11T09:40:20]]></BackupTime><ID><![CDATA[{21376E6D-8EF4-4C1F-8377-CF3CC491CB8B}]]></ID><Comment><![CDATA[False]]></Comment><GPODisplayName><![CDATA[*- Tier 2 EUD MSFT Microsoft 365 Apps v2412 - Legacy JScript Block - Computer]]></GPODisplayName></BackupInst>
