<BackupInst xmlns="http://www.microsoft.com/GroupPolicy/GPOOperations/Manifest"><GPOGuid><![CDATA[{d16ae3cf-f452-43f4-8168-5a11cc943beb}]]></GPOGuid><GPODomain><![CDATA[CONTOSO.COM]]></GPODomain><GPODomainGuid><![CDATA[{ea39afcd-e4e8-4773-bdff-4027a7a679b6}]]></GPODomainGuid><GPODomainController><![CDATA[SRV2025.CONTOSO.COM]]></GPODomainController><BackupTime><![CDATA[2025-09-11T09:32:56]]></BackupTime><ID><![CDATA[{FAF8D45E-C9A6-4F7F-A2E7-918CCB21A7F9}]]></ID><Comment><![CDATA[False]]></Comment><GPODisplayName><![CDATA[*- Tier 0 Servers SHF [Provider] [Version] - Computer]]></GPODisplayName></BackupInst>
