<BackupInst xmlns="http://www.microsoft.com/GroupPolicy/GPOOperations/Manifest"><GPOGuid><![CDATA[{fed4162c-727c-4fa5-96db-235704209e7e}]]></GPOGuid><GPODomain><![CDATA[CONTOSO.COM]]></GPODomain><GPODomainGuid><![CDATA[{ea39afcd-e4e8-4773-bdff-4027a7a679b6}]]></GPODomainGuid><GPODomainController><![CDATA[SRV2025.CONTOSO.COM]]></GPODomainController><BackupTime><![CDATA[2025-09-11T09:40:14]]></BackupTime><ID><![CDATA[{1709F719-2229-45B1-B3AF-6ADE1E46ED6E}]]></ID><Comment><![CDATA[False]]></Comment><GPODisplayName><![CDATA[*- Tier 1 Servers MSFT Windows Server 2025 - Domain Security]]></GPODisplayName></BackupInst>
