<?xml version="1.0" encoding="utf-8"?><!-- Copyright (c) Microsoft Corporation.  All rights reserved. --><GroupPolicyBackupScheme bkp:version="2.0" bkp:type="GroupPolicyBackupTemplate" xmlns:bkp="http://www.microsoft.com/GroupPolicy/GPOOperations" xmlns="http://www.microsoft.com/GroupPolicy/GPOOperations">
    <GroupPolicyObject><SecurityGroups><Group><Sid/><SamAccountName><![CDATA[SYSTEM]]></SamAccountName><Type><![CDATA[Unknown]]></Type><NetBIOSDomainName/><DnsDomainName/><UPN/></Group><Group><Sid/><SamAccountName><![CDATA[himds]]></SamAccountName><Type><![CDATA[Unknown]]></Type><NetBIOSDomainName><![CDATA[NT SERVICE]]></NetBIOSDomainName><DnsDomainName/><UPN/></Group><Group><Sid/><SamAccountName><![CDATA[Administrators]]></SamAccountName><Type><![CDATA[Unknown]]></Type><NetBIOSDomainName/><DnsDomainName/><UPN/></Group><Group><Sid/><SamAccountName><![CDATA[Guests]]></SamAccountName><Type><![CDATA[Unknown]]></Type><NetBIOSDomainName/><DnsDomainName/><UPN/></Group><Group><Sid/><SamAccountName><![CDATA[Local account]]></SamAccountName><Type><![CDATA[Unknown]]></Type><NetBIOSDomainName/><DnsDomainName/><UPN/></Group><Group><Sid/><SamAccountName><![CDATA[Authenticated Users]]></SamAccountName><Type><![CDATA[Unknown]]></Type><NetBIOSDomainName/><DnsDomainName/><UPN/></Group><Group><Sid/><SamAccountName><![CDATA[User Mode Hardware Operators]]></SamAccountName><Type><![CDATA[Unknown]]></Type><NetBIOSDomainName/><DnsDomainName/><UPN/></Group><Group><Sid/><SamAccountName><![CDATA[Storage Replica Administrators]]></SamAccountName><Type><![CDATA[Unknown]]></Type><NetBIOSDomainName/><DnsDomainName/><UPN/></Group><Group><Sid/><SamAccountName><![CDATA[Replicator]]></SamAccountName><Type><![CDATA[Unknown]]></Type><NetBIOSDomainName/><DnsDomainName/><UPN/></Group><Group><Sid/><SamAccountName><![CDATA[Remote Management Users]]></SamAccountName><Type><![CDATA[Unknown]]></Type><NetBIOSDomainName/><DnsDomainName/><UPN/></Group><Group><Sid/><SamAccountName><![CDATA[Remote Desktop Users]]></SamAccountName><Type><![CDATA[Unknown]]></Type><NetBIOSDomainName/><DnsDomainName/><UPN/></Group><Group><Sid/><SamAccountName><![CDATA[RDS Remote Access Servers]]></SamAccountName><Type><![CDATA[Unknown]]></Type><NetBIOSDomainName/><DnsDomainName/><UPN/></Group><Group><Sid/><SamAccountName><![CDATA[RDS Management Servers]]></SamAccountName><Type><![CDATA[Unknown]]></Type><NetBIOSDomainName/><DnsDomainName/><UPN/></Group><Group><Sid/><SamAccountName><![CDATA[RDS Endpoint Servers]]></SamAccountName><Type><![CDATA[Unknown]]></Type><NetBIOSDomainName/><DnsDomainName/><UPN/></Group><Group><Sid/><SamAccountName><![CDATA[Print Operators]]></SamAccountName><Type><![CDATA[Unknown]]></Type><NetBIOSDomainName/><DnsDomainName/><UPN/></Group><Group><Sid/><SamAccountName><![CDATA[Power Users]]></SamAccountName><Type><![CDATA[Unknown]]></Type><NetBIOSDomainName/><DnsDomainName/><UPN/></Group><Group><Sid/><SamAccountName><![CDATA[Performance Monitor Users]]></SamAccountName><Type><![CDATA[Unknown]]></Type><NetBIOSDomainName/><DnsDomainName/><UPN/></Group><Group><Sid/><SamAccountName><![CDATA[Performance Log Users]]></SamAccountName><Type><![CDATA[Unknown]]></Type><NetBIOSDomainName/><DnsDomainName/><UPN/></Group><Group><Sid/><SamAccountName><![CDATA[OpenSSH Users]]></SamAccountName><Type><![CDATA[Unknown]]></Type><NetBIOSDomainName/><DnsDomainName/><UPN/></Group><Group><Sid/><SamAccountName><![CDATA[Network Configuration Operators]]></SamAccountName><Type><![CDATA[Unknown]]></Type><NetBIOSDomainName/><DnsDomainName/><UPN/></Group><Group><Sid/><SamAccountName><![CDATA[Hyper-V Administrators]]></SamAccountName><Type><![CDATA[Unknown]]></Type><NetBIOSDomainName/><DnsDomainName/><UPN/></Group><Group><Sid/><SamAccountName><![CDATA[Event Log Readers]]></SamAccountName><Type><![CDATA[Unknown]]></Type><NetBIOSDomainName/><DnsDomainName/><UPN/></Group><Group><Sid/><SamAccountName><![CDATA[Distributed COM Users]]></SamAccountName><Type><![CDATA[Unknown]]></Type><NetBIOSDomainName/><DnsDomainName/><UPN/></Group><Group><Sid><![CDATA[S-1-5-32-583]]></Sid><SamAccountName/><Type><![CDATA[Unknown]]></Type><NetBIOSDomainName/><DnsDomainName/><UPN/></Group><Group><Sid/><SamAccountName><![CDATA[Cryptographic Operators]]></SamAccountName><Type><![CDATA[Unknown]]></Type><NetBIOSDomainName/><DnsDomainName/><UPN/></Group><Group><Sid/><SamAccountName><![CDATA[Certificate Service DCOM Access]]></SamAccountName><Type><![CDATA[Unknown]]></Type><NetBIOSDomainName/><DnsDomainName/><UPN/></Group><Group><Sid/><SamAccountName><![CDATA[Backup Operators]]></SamAccountName><Type><![CDATA[Unknown]]></Type><NetBIOSDomainName/><DnsDomainName/><UPN/></Group><Group><Sid/><SamAccountName><![CDATA[Access Control Assistance Operators]]></SamAccountName><Type><![CDATA[Unknown]]></Type><NetBIOSDomainName/><DnsDomainName/><UPN/></Group><Group><Sid><![CDATA[S-1-5-21-92859918-848408238-1587758755-500]]></Sid><SamAccountName><![CDATA[Administrator]]></SamAccountName><Type><![CDATA[User]]></Type><NetBIOSDomainName><![CDATA[CONTOSO]]></NetBIOSDomainName><DnsDomainName><![CDATA[CONTOSO.COM]]></DnsDomainName><UPN><![CDATA[Administrator@CONTOSO.COM]]></UPN></Group><Group><Sid><![CDATA[S-1-5-21-92859918-848408238-1587758755-501]]></Sid><SamAccountName><![CDATA[Guest]]></SamAccountName><Type><![CDATA[User]]></Type><NetBIOSDomainName><![CDATA[CONTOSO]]></NetBIOSDomainName><DnsDomainName><![CDATA[CONTOSO.COM]]></DnsDomainName><UPN><![CDATA[Guest@CONTOSO.COM]]></UPN></Group><Group bkp:Source="FromDACL"><Sid><![CDATA[S-1-5-21-92859918-848408238-1587758755-519]]></Sid><SamAccountName><![CDATA[Enterprise Admins]]></SamAccountName><Type><![CDATA[UniversalGroup]]></Type><NetBIOSDomainName><![CDATA[CONTOSO]]></NetBIOSDomainName><DnsDomainName><![CDATA[CONTOSO.COM]]></DnsDomainName><UPN><![CDATA[Enterprise Admins@CONTOSO.COM]]></UPN></Group><Group><Sid><![CDATA[S-1-5-21-92859918-848408238-1587758755-512]]></Sid><SamAccountName><![CDATA[Domain Admins]]></SamAccountName><Type><![CDATA[GlobalGroup]]></Type><NetBIOSDomainName><![CDATA[CONTOSO]]></NetBIOSDomainName><DnsDomainName><![CDATA[CONTOSO.COM]]></DnsDomainName><UPN><![CDATA[Domain Admins@CONTOSO.COM]]></UPN></Group><Group><Sid><![CDATA[S-1-5-21-92859918-848408238-1587758755-1106]]></Sid><SamAccountName><![CDATA[Tier0VpnAccounts]]></SamAccountName><Type><![CDATA[GlobalGroup]]></Type><NetBIOSDomainName><![CDATA[CONTOSO]]></NetBIOSDomainName><DnsDomainName><![CDATA[CONTOSO.COM]]></DnsDomainName><UPN><![CDATA[Tier0VpnAccounts@CONTOSO.COM]]></UPN></Group><Group><Sid><![CDATA[S-1-5-21-92859918-848408238-1587758755-1107]]></Sid><SamAccountName><![CDATA[Tier1Admins]]></SamAccountName><Type><![CDATA[GlobalGroup]]></Type><NetBIOSDomainName><![CDATA[CONTOSO]]></NetBIOSDomainName><DnsDomainName><![CDATA[CONTOSO.COM]]></DnsDomainName><UPN><![CDATA[Tier1Admins@CONTOSO.COM]]></UPN></Group><Group><Sid><![CDATA[S-1-5-21-92859918-848408238-1587758755-1108]]></Sid><SamAccountName><![CDATA[Tier1Operators]]></SamAccountName><Type><![CDATA[GlobalGroup]]></Type><NetBIOSDomainName><![CDATA[CONTOSO]]></NetBIOSDomainName><DnsDomainName><![CDATA[CONTOSO.COM]]></DnsDomainName><UPN><![CDATA[Tier1Operators@CONTOSO.COM]]></UPN></Group><Group><Sid><![CDATA[S-1-5-21-92859918-848408238-1587758755-1109]]></Sid><SamAccountName><![CDATA[Tier1ServerOperators]]></SamAccountName><Type><![CDATA[GlobalGroup]]></Type><NetBIOSDomainName><![CDATA[CONTOSO]]></NetBIOSDomainName><DnsDomainName><![CDATA[CONTOSO.COM]]></DnsDomainName><UPN><![CDATA[Tier1ServerOperators@CONTOSO.COM]]></UPN></Group><Group><Sid><![CDATA[S-1-5-21-92859918-848408238-1587758755-1110]]></Sid><SamAccountName><![CDATA[Tier2Admins]]></SamAccountName><Type><![CDATA[GlobalGroup]]></Type><NetBIOSDomainName><![CDATA[CONTOSO]]></NetBIOSDomainName><DnsDomainName><![CDATA[CONTOSO.COM]]></DnsDomainName><UPN><![CDATA[Tier2Admins@CONTOSO.COM]]></UPN></Group><Group><Sid><![CDATA[S-1-5-21-92859918-848408238-1587758755-1111]]></Sid><SamAccountName><![CDATA[Tier2AccountOperators]]></SamAccountName><Type><![CDATA[GlobalGroup]]></Type><NetBIOSDomainName><![CDATA[CONTOSO]]></NetBIOSDomainName><DnsDomainName><![CDATA[CONTOSO.COM]]></DnsDomainName><UPN><![CDATA[Tier2AccountOperators@CONTOSO.COM]]></UPN></Group><Group><Sid><![CDATA[S-1-5-21-92859918-848408238-1587758755-1112]]></Sid><SamAccountName><![CDATA[Tier2ComputerQuarantineOperators]]></SamAccountName><Type><![CDATA[GlobalGroup]]></Type><NetBIOSDomainName><![CDATA[CONTOSO]]></NetBIOSDomainName><DnsDomainName><![CDATA[CONTOSO.COM]]></DnsDomainName><UPN><![CDATA[Tier2ComputerQuarantineOperators@CONTOSO.COM]]></UPN></Group><Group><Sid><![CDATA[S-1-5-21-92859918-848408238-1587758755-1113]]></Sid><SamAccountName><![CDATA[Tier2DeviceOperators]]></SamAccountName><Type><![CDATA[GlobalGroup]]></Type><NetBIOSDomainName><![CDATA[CONTOSO]]></NetBIOSDomainName><DnsDomainName><![CDATA[CONTOSO.COM]]></DnsDomainName><UPN><![CDATA[Tier2DeviceOperators@CONTOSO.COM]]></UPN></Group><Group><Sid><![CDATA[S-1-5-21-92859918-848408238-1587758755-1114]]></Sid><SamAccountName><![CDATA[Tier2GroupOperators]]></SamAccountName><Type><![CDATA[GlobalGroup]]></Type><NetBIOSDomainName><![CDATA[CONTOSO]]></NetBIOSDomainName><DnsDomainName><![CDATA[CONTOSO.COM]]></DnsDomainName><UPN><![CDATA[Tier2GroupOperators@CONTOSO.COM]]></UPN></Group><Group><Sid><![CDATA[S-1-5-21-92859918-848408238-1587758755-1115]]></Sid><SamAccountName><![CDATA[Tier2HelpdeskOperators]]></SamAccountName><Type><![CDATA[GlobalGroup]]></Type><NetBIOSDomainName><![CDATA[CONTOSO]]></NetBIOSDomainName><DnsDomainName><![CDATA[CONTOSO.COM]]></DnsDomainName><UPN><![CDATA[Tier2HelpdeskOperators@CONTOSO.COM]]></UPN></Group><Group><Sid><![CDATA[S-1-5-21-92859918-848408238-1587758755-1116]]></Sid><SamAccountName><![CDATA[Tier2Operators]]></SamAccountName><Type><![CDATA[GlobalGroup]]></Type><NetBIOSDomainName><![CDATA[CONTOSO]]></NetBIOSDomainName><DnsDomainName><![CDATA[CONTOSO.COM]]></DnsDomainName><UPN><![CDATA[Tier2Operators@CONTOSO.COM]]></UPN></Group><Group><Sid><![CDATA[S-1-5-21-92859918-848408238-1587758755-1117]]></Sid><SamAccountName><![CDATA[Tier0Admins]]></SamAccountName><Type><![CDATA[GlobalGroup]]></Type><NetBIOSDomainName><![CDATA[CONTOSO]]></NetBIOSDomainName><DnsDomainName><![CDATA[CONTOSO.COM]]></DnsDomainName><UPN><![CDATA[Tier0Admins@CONTOSO.COM]]></UPN></Group><Group><Sid><![CDATA[S-1-5-21-92859918-848408238-1587758755-1119]]></Sid><SamAccountName><![CDATA[Tier0Operators]]></SamAccountName><Type><![CDATA[GlobalGroup]]></Type><NetBIOSDomainName><![CDATA[CONTOSO]]></NetBIOSDomainName><DnsDomainName><![CDATA[CONTOSO.COM]]></DnsDomainName><UPN><![CDATA[Tier0Operators@CONTOSO.COM]]></UPN></Group><Group><Sid><![CDATA[S-1-5-21-92859918-848408238-1587758755-1120]]></Sid><SamAccountName><![CDATA[Tier0ServerOperators]]></SamAccountName><Type><![CDATA[GlobalGroup]]></Type><NetBIOSDomainName><![CDATA[CONTOSO]]></NetBIOSDomainName><DnsDomainName><![CDATA[CONTOSO.COM]]></DnsDomainName><UPN><![CDATA[Tier0ServerOperators@CONTOSO.COM]]></UPN></Group><Group><Sid><![CDATA[S-1-5-21-92859918-848408238-1587758755-1121]]></Sid><SamAccountName><![CDATA[Tier0ServiceAccounts]]></SamAccountName><Type><![CDATA[GlobalGroup]]></Type><NetBIOSDomainName><![CDATA[CONTOSO]]></NetBIOSDomainName><DnsDomainName><![CDATA[CONTOSO.COM]]></DnsDomainName><UPN><![CDATA[Tier0ServiceAccounts@CONTOSO.COM]]></UPN></Group><Group><Sid><![CDATA[S-1-5-21-92859918-848408238-1587758755-1122]]></Sid><SamAccountName><![CDATA[Tier1ServiceAccounts]]></SamAccountName><Type><![CDATA[GlobalGroup]]></Type><NetBIOSDomainName><![CDATA[CONTOSO]]></NetBIOSDomainName><DnsDomainName><![CDATA[CONTOSO.COM]]></DnsDomainName><UPN><![CDATA[Tier1ServiceAccounts@CONTOSO.COM]]></UPN></Group><Group><Sid><![CDATA[S-1-5-21-92859918-848408238-1587758755-1123]]></Sid><SamAccountName><![CDATA[Tier2ServiceAccounts]]></SamAccountName><Type><![CDATA[GlobalGroup]]></Type><NetBIOSDomainName><![CDATA[CONTOSO]]></NetBIOSDomainName><DnsDomainName><![CDATA[CONTOSO.COM]]></DnsDomainName><UPN><![CDATA[Tier2ServiceAccounts@CONTOSO.COM]]></UPN></Group><Group><Sid><![CDATA[S-1-5-21-92859918-848408238-1587758755-1124]]></Sid><SamAccountName><![CDATA[Tier1VpnAccounts]]></SamAccountName><Type><![CDATA[GlobalGroup]]></Type><NetBIOSDomainName><![CDATA[CONTOSO]]></NetBIOSDomainName><DnsDomainName><![CDATA[CONTOSO.COM]]></DnsDomainName><UPN><![CDATA[Tier1VpnAccounts@CONTOSO.COM]]></UPN></Group><Group><Sid><![CDATA[S-1-5-21-92859918-848408238-1587758755-1125]]></Sid><SamAccountName><![CDATA[Tier2VpnAccounts]]></SamAccountName><Type><![CDATA[GlobalGroup]]></Type><NetBIOSDomainName><![CDATA[CONTOSO]]></NetBIOSDomainName><DnsDomainName><![CDATA[CONTOSO.COM]]></DnsDomainName><UPN><![CDATA[Tier2VpnAccounts@CONTOSO.COM]]></UPN></Group><Group><Sid><![CDATA[S-1-5-21-92859918-848408238-1587758755-1127]]></Sid><SamAccountName><![CDATA[Tier1ServerDomainJoin]]></SamAccountName><Type><![CDATA[GlobalGroup]]></Type><NetBIOSDomainName><![CDATA[CONTOSO]]></NetBIOSDomainName><DnsDomainName><![CDATA[CONTOSO.COM]]></DnsDomainName><UPN><![CDATA[Tier1ServerDomainJoin@CONTOSO.COM]]></UPN></Group></SecurityGroups><FilePaths/><GroupPolicyCoreSettings><ID><![CDATA[{f4381c29-c31b-4162-b337-abdf478b4c49}]]></ID><Domain><![CDATA[CONTOSO.COM]]></Domain><SecurityDescriptor>01 00 04 9c 00 00 00 00 00 00 00 00 00 00 00 00 14 00 00 00 04 00 ec 00 08 00 00 00 05 02 28 00 00 01 00 00 01 00 00 00 8f fd ac ed b3 ff d1 11 b4 1d 00 a0 c9 68 f9 39 01 01 00 00 00 00 00 05 0b 00 00 00 00 00 24 00 ff 00 0f 00 01 05 00 00 00 00 00 05 15 00 00 00 0e ee 88 05 ae ae 91 32 a3 46 a3 5e 00 02 00 00 00 02 24 00 ff 00 0f 00 01 05 00 00 00 00 00 05 15 00 00 00 0e ee 88 05 ae ae 91 32 a3 46 a3 5e 00 02 00 00 00 02 24 00 ff 00 0f 00 01 05 00 00 00 00 00 05 15 00 00 00 0e ee 88 05 ae ae 91 32 a3 46 a3 5e 07 02 00 00 00 02 14 00 94 00 02 00 01 01 00 00 00 00 00 05 09 00 00 00 00 02 14 00 94 00 02 00 01 01 00 00 00 00 00 05 0b 00 00 00 00 02 14 00 ff 00 0f 00 01 01 00 00 00 00 00 05 12 00 00 00 00 0a 14 00 ff 00 0f 00 01 01 00 00 00 00 00 03 00 00 00 00</SecurityDescriptor><DisplayName><![CDATA[*- Tier 0 Servers Account Restrictions]]></DisplayName><Options><![CDATA[1]]></Options><UserVersionNumber><![CDATA[65537]]></UserVersionNumber><MachineVersionNumber><![CDATA[458759]]></MachineVersionNumber><MachineExtensionGuids><![CDATA[[{35378EAC-683F-11D2-A89A-00C04FBBCFA2}{D02B1F72-3407-48AE-BA88-E8213C6761F1}][{827D319E-6EAC-11D2-A4EA-00C04F79F83A}{803E14A0-B4FB-11D0-A0D0-00A0C90F574B}]]]></MachineExtensionGuids><UserExtensionGuids/><WMIFilter/></GroupPolicyCoreSettings> 
        <GroupPolicyExtension bkp:ID="{35378EAC-683F-11D2-A89A-00C04FBBCFA2}" bkp:DescName="Registry">
            <FSObjectFile bkp:Path="%GPO_MACH_FSPATH%\registry.pol" bkp:SourceExpandedPath="\\SRV2025.CONTOSO.COM\sysvol\CONTOSO.COM\Policies\{f4381c29-c31b-4162-b337-abdf478b4c49}\Machine\registry.pol" bkp:Location="DomainSysvol\GPO\Machine\registry.pol"/>
            
            <FSObjectFile bkp:Path="%GPO_FSPATH%\Adm\*.*" bkp:SourceExpandedPath="\\SRV2025.CONTOSO.COM\sysvol\CONTOSO.COM\Policies\{f4381c29-c31b-4162-b337-abdf478b4c49}\Adm\*.*"/>
        </GroupPolicyExtension>
        
        
        
        
        <GroupPolicyExtension bkp:ID="{827D319E-6EAC-11D2-A4EA-00C04F79F83A}" bkp:DescName="Security">
            <FSObjectFile bkp:Path="%GPO_MACH_FSPATH%\microsoft\windows nt\SecEdit\GptTmpl.inf" bkp:SourceExpandedPath="\\SRV2025.CONTOSO.COM\sysvol\CONTOSO.COM\Policies\{f4381c29-c31b-4162-b337-abdf478b4c49}\Machine\microsoft\windows nt\SecEdit\GptTmpl.inf" bkp:ReEvaluateFunction="SecurityValidateSettings" bkp:Location="DomainSysvol\GPO\Machine\microsoft\windows nt\SecEdit\GptTmpl.inf"/>
        </GroupPolicyExtension>
        
        
        
        
    <GroupPolicyExtension bkp:ID="{F15C46CD-82A0-4C2D-A210-5D0D3182A418}" bkp:DescName="Unknown Extension"><FSObjectFile bkp:Path="%GPO_MACH_FSPATH%\comment.cmtx" bkp:SourceExpandedPath="\\SRV2025.CONTOSO.COM\sysvol\CONTOSO.COM\Policies\{f4381c29-c31b-4162-b337-abdf478b4c49}\Machine\comment.cmtx" bkp:Location="DomainSysvol\GPO\Machine\comment.cmtx"/><FSObjectDir bkp:Path="%GPO_MACH_FSPATH%\microsoft" bkp:SourceExpandedPath="\\SRV2025.CONTOSO.COM\sysvol\CONTOSO.COM\Policies\{f4381c29-c31b-4162-b337-abdf478b4c49}\Machine\microsoft" bkp:Location="DomainSysvol\GPO\Machine\microsoft"/><FSObjectDir bkp:Path="%GPO_MACH_FSPATH%\microsoft\windows nt" bkp:SourceExpandedPath="\\SRV2025.CONTOSO.COM\sysvol\CONTOSO.COM\Policies\{f4381c29-c31b-4162-b337-abdf478b4c49}\Machine\microsoft\windows nt" bkp:Location="DomainSysvol\GPO\Machine\microsoft\windows nt"/><FSObjectDir bkp:Path="%GPO_MACH_FSPATH%\microsoft\windows nt\SecEdit" bkp:SourceExpandedPath="\\SRV2025.CONTOSO.COM\sysvol\CONTOSO.COM\Policies\{f4381c29-c31b-4162-b337-abdf478b4c49}\Machine\microsoft\windows nt\SecEdit" bkp:Location="DomainSysvol\GPO\Machine\microsoft\windows nt\SecEdit"/><FSObjectDir bkp:Path="%GPO_MACH_FSPATH%\Scripts" bkp:SourceExpandedPath="\\SRV2025.CONTOSO.COM\sysvol\CONTOSO.COM\Policies\{f4381c29-c31b-4162-b337-abdf478b4c49}\Machine\Scripts" bkp:Location="DomainSysvol\GPO\Machine\Scripts"/><FSObjectDir bkp:Path="%GPO_MACH_FSPATH%\Scripts\Shutdown" bkp:SourceExpandedPath="\\SRV2025.CONTOSO.COM\sysvol\CONTOSO.COM\Policies\{f4381c29-c31b-4162-b337-abdf478b4c49}\Machine\Scripts\Shutdown" bkp:Location="DomainSysvol\GPO\Machine\Scripts\Shutdown"/><FSObjectDir bkp:Path="%GPO_MACH_FSPATH%\Scripts\Startup" bkp:SourceExpandedPath="\\SRV2025.CONTOSO.COM\sysvol\CONTOSO.COM\Policies\{f4381c29-c31b-4162-b337-abdf478b4c49}\Machine\Scripts\Startup" bkp:Location="DomainSysvol\GPO\Machine\Scripts\Startup"/></GroupPolicyExtension></GroupPolicyObject>
</GroupPolicyBackupScheme>