<BackupInst xmlns="http://www.microsoft.com/GroupPolicy/GPOOperations/Manifest"><GPOGuid><![CDATA[{19fab392-b4b2-4956-9c9b-3ff60dc3f70c}]]></GPOGuid><GPODomain><![CDATA[CONTOSO.COM]]></GPODomain><GPODomainGuid><![CDATA[{ea39afcd-e4e8-4773-bdff-4027a7a679b6}]]></GPODomainGuid><GPODomainController><![CDATA[SRV2025.CONTOSO.COM]]></GPODomainController><BackupTime><![CDATA[2025-09-11T09:33:00]]></BackupTime><ID><![CDATA[{FA6C7877-16B8-4332-BD78-FD8868D1B308}]]></ID><Comment><![CDATA[False]]></Comment><GPODisplayName><![CDATA[*- Tier 2 PAWs MSFT Windows 11 24H2 - BitLocker]]></GPODisplayName></BackupInst>
