<BackupInst xmlns="http://www.microsoft.com/GroupPolicy/GPOOperations/Manifest"><GPOGuid><![CDATA[{615294c7-7ee8-4a2d-a5e1-84b6cbef7317}]]></GPOGuid><GPODomain><![CDATA[CONTOSO.COM]]></GPODomain><GPODomainGuid><![CDATA[{ea39afcd-e4e8-4773-bdff-4027a7a679b6}]]></GPODomainGuid><GPODomainController><![CDATA[SRV2025.CONTOSO.COM]]></GPODomainController><BackupTime><![CDATA[2025-09-11T09:32:59]]></BackupTime><ID><![CDATA[{D1E6CFAF-3FB7-437C-90A1-B21E66A1C820}]]></ID><Comment><![CDATA[False]]></Comment><GPODisplayName><![CDATA[*- Tier 0 Servers MSFT Windows Server 2025 - Defender Antivirus]]></GPODisplayName></BackupInst>
