<BackupInst xmlns="http://www.microsoft.com/GroupPolicy/GPOOperations/Manifest"><GPOGuid><![CDATA[{1c8931a7-56a9-472c-8b85-93f4cfd7ca33}]]></GPOGuid><GPODomain><![CDATA[CONTOSO.COM]]></GPODomain><GPODomainGuid><![CDATA[{ea39afcd-e4e8-4773-bdff-4027a7a679b6}]]></GPODomainGuid><GPODomainController><![CDATA[SRV2025.CONTOSO.COM]]></GPODomainController><BackupTime><![CDATA[2025-09-11T09:32:48]]></BackupTime><ID><![CDATA[{0CD979E8-137B-4320-A7AB-1A67D6E9A6AC}]]></ID><Comment><![CDATA[False]]></Comment><GPODisplayName><![CDATA[*- Tier 1 PAWs MSFT Windows 11 24H2 - Defender Antivirus]]></GPODisplayName></BackupInst>
