<BackupInst xmlns="http://www.microsoft.com/GroupPolicy/GPOOperations/Manifest"><GPOGuid><![CDATA[{fcf721ff-6a25-4f09-8d83-d87c27d86b67}]]></GPOGuid><GPODomain><![CDATA[CONTOSO.COM]]></GPODomain><GPODomainGuid><![CDATA[{ea39afcd-e4e8-4773-bdff-4027a7a679b6}]]></GPODomainGuid><GPODomainController><![CDATA[SRV2025.CONTOSO.COM]]></GPODomainController><BackupTime><![CDATA[2025-09-11T09:40:20]]></BackupTime><ID><![CDATA[{407BA993-467F-4E40-B8B8-DAD6E71FE5A7}]]></ID><Comment><![CDATA[False]]></Comment><GPODisplayName><![CDATA[*- Tier 2 PAWs MSFT Internet Explorer 11 - Computer]]></GPODisplayName></BackupInst>
