<BackupInst xmlns="http://www.microsoft.com/GroupPolicy/GPOOperations/Manifest"><GPOGuid><![CDATA[{9e06ff3b-3c27-48b1-af44-2acdb5f78be8}]]></GPOGuid><GPODomain><![CDATA[CONTOSO.COM]]></GPODomain><GPODomainGuid><![CDATA[{ea39afcd-e4e8-4773-bdff-4027a7a679b6}]]></GPODomainGuid><GPODomainController><![CDATA[SRV2025.CONTOSO.COM]]></GPODomainController><BackupTime><![CDATA[2025-09-11T09:40:14]]></BackupTime><ID><![CDATA[{4283B24D-6FC7-460F-8B7A-859B9EA33FBA}]]></ID><Comment><![CDATA[False]]></Comment><GPODisplayName><![CDATA[*- Tier 2 PAWs SOE - User]]></GPODisplayName></BackupInst>
