<BackupInst xmlns="http://www.microsoft.com/GroupPolicy/GPOOperations/Manifest"><GPOGuid><![CDATA[{2ca6a6cd-bd07-4ad3-a4d5-9a39884bc325}]]></GPOGuid><GPODomain><![CDATA[CONTOSO.COM]]></GPODomain><GPODomainGuid><![CDATA[{ea39afcd-e4e8-4773-bdff-4027a7a679b6}]]></GPODomainGuid><GPODomainController><![CDATA[SRV2025.CONTOSO.COM]]></GPODomainController><BackupTime><![CDATA[2025-09-11T09:32:54]]></BackupTime><ID><![CDATA[{32B4B2B2-E5F5-40C6-A338-3F1AF4F20C75}]]></ID><Comment><![CDATA[False]]></Comment><GPODisplayName><![CDATA[*- Tier 1 PAWs MSFT Edge Version 128 - Computer]]></GPODisplayName></BackupInst>
