<BackupInst xmlns="http://www.microsoft.com/GroupPolicy/GPOOperations/Manifest"><GPOGuid><![CDATA[{7cab616c-66a6-4da6-93f5-9bd34c84b76a}]]></GPOGuid><GPODomain><![CDATA[CONTOSO.COM]]></GPODomain><GPODomainGuid><![CDATA[{ea39afcd-e4e8-4773-bdff-4027a7a679b6}]]></GPODomainGuid><GPODomainController><![CDATA[SRV2025.CONTOSO.COM]]></GPODomainController><BackupTime><![CDATA[2025-09-11T09:32:58]]></BackupTime><ID><![CDATA[{D9F6B575-C1BE-4E3B-9BFB-AB3306F3508F}]]></ID><Comment><![CDATA[False]]></Comment><GPODisplayName><![CDATA[*- Tier Model Computer Quarantine]]></GPODisplayName></BackupInst>
