<BackupInst xmlns="http://www.microsoft.com/GroupPolicy/GPOOperations/Manifest"><GPOGuid><![CDATA[{9a1285b0-7127-4e06-8ba2-ed82d6ee8fad}]]></GPOGuid><GPODomain><![CDATA[CONTOSO.COM]]></GPODomain><GPODomainGuid><![CDATA[{ea39afcd-e4e8-4773-bdff-4027a7a679b6}]]></GPODomainGuid><GPODomainController><![CDATA[SRV2025.CONTOSO.COM]]></GPODomainController><BackupTime><![CDATA[2025-09-11T09:32:47]]></BackupTime><ID><![CDATA[{385E2573-1127-4D70-BE09-933EA7AAD855}]]></ID><Comment><![CDATA[False]]></Comment><GPODisplayName><![CDATA[*- Tier Model Template Tier 0 Servers Account Restrictions - Override - Deny Batch]]></GPODisplayName></BackupInst>
