<BackupInst xmlns="http://www.microsoft.com/GroupPolicy/GPOOperations/Manifest"><GPOGuid><![CDATA[{f430da41-9bc6-46d3-b0b0-14bf3f9eefe9}]]></GPOGuid><GPODomain><![CDATA[CONTOSO.COM]]></GPODomain><GPODomainGuid><![CDATA[{ea39afcd-e4e8-4773-bdff-4027a7a679b6}]]></GPODomainGuid><GPODomainController><![CDATA[SRV2025.CONTOSO.COM]]></GPODomainController><BackupTime><![CDATA[2025-09-11T09:40:10]]></BackupTime><ID><![CDATA[{4A1F4F27-8EBD-4ADF-B3F5-17FF04BD4DA9}]]></ID><Comment><![CDATA[False]]></Comment><GPODisplayName><![CDATA[*- Tier 0 PAWs SOE - User]]></GPODisplayName></BackupInst>
