<BackupInst xmlns="http://www.microsoft.com/GroupPolicy/GPOOperations/Manifest"><GPOGuid><![CDATA[{1532a600-d4da-42d4-b1b5-bec90f0b3806}]]></GPOGuid><GPODomain><![CDATA[CONTOSO.COM]]></GPODomain><GPODomainGuid><![CDATA[{ea39afcd-e4e8-4773-bdff-4027a7a679b6}]]></GPODomainGuid><GPODomainController><![CDATA[SRV2025.CONTOSO.COM]]></GPODomainController><BackupTime><![CDATA[2025-09-11T09:32:55]]></BackupTime><ID><![CDATA[{4E8BCE56-4720-4F4C-8C1F-8910F822D2F2}]]></ID><Comment><![CDATA[False]]></Comment><GPODisplayName><![CDATA[*- Tier Model Template Tier 0 Servers Account Restrictions - Override - Deny Service]]></GPODisplayName></BackupInst>
