<Backups xmlns="http://www.microsoft.com/GroupPolicy/GPOOperations/Manifest" xmlns:mfst="http://www.microsoft.com/GroupPolicy/GPOOperations/Manifest" mfst:version="1.0"><BackupInst><GPOGuid><![CDATA[{711f7708-7e13-4de4-9df4-d466752d75f0}]]></GPOGuid><GPODomain><![CDATA[CONTOSO.COM]]></GPODomain><GPODomainGuid><![CDATA[{ea39afcd-e4e8-4773-bdff-4027a7a679b6}]]></GPODomainGuid><GPODomainController><![CDATA[SRV2025.CONTOSO.COM]]></GPODomainController><BackupTime><![CDATA[2025-09-11T09:40:22]]></BackupTime><ID><![CDATA[{4039E73F-B3B1-4955-B15D-104456ABCF6F}]]></ID><Comment><![CDATA[False]]></Comment><GPODisplayName><![CDATA[*- Tier 0 PAWs BitLocker]]></GPODisplayName></BackupInst><BackupInst><GPOGuid><![CDATA[{4af162f8-0dab-461c-a079-7005a022cb7e}]]></GPOGuid><GPODomain><![CDATA[CONTOSO.COM]]></GPODomain><GPODomainGuid><![CDATA[{ea39afcd-e4e8-4773-bdff-4027a7a679b6}]]></GPODomainGuid><GPODomainController><![CDATA[SRV2025.CONTOSO.COM]]></GPODomainController><BackupTime><![CDATA[2025-09-11T09:40:22]]></BackupTime><ID><![CDATA[{61CB24B1-6A7B-4D41-A192-DB917EF19848}]]></ID><Comment><![CDATA[False]]></Comment><GPODisplayName><![CDATA[*- Tier 2 EUD Windows LAPS - Computer]]></GPODisplayName></BackupInst><BackupInst><GPOGuid><![CDATA[{151ce48d-bdf2-4a10-a7c8-484c90576681}]]></GPOGuid><GPODomain><![CDATA[CONTOSO.COM]]></GPODomain><GPODomainGuid><![CDATA[{ea39afcd-e4e8-4773-bdff-4027a7a679b6}]]></GPODomainGuid><GPODomainController><![CDATA[SRV2025.CONTOSO.COM]]></GPODomainController><BackupTime><![CDATA[2025-09-11T09:40:22]]></BackupTime><ID><![CDATA[{B3B6316A-38E6-4A15-AF2E-02FDA39C7DB9}]]></ID><Comment><![CDATA[False]]></Comment><GPODisplayName><![CDATA[*- Tier 1 PAWs BitLocker]]></GPODisplayName></BackupInst><BackupInst><GPOGuid><![CDATA[{309e859a-ab47-4c38-a863-c2f07bf20a1d}]]></GPOGuid><GPODomain><![CDATA[CONTOSO.COM]]></GPODomain><GPODomainGuid><![CDATA[{ea39afcd-e4e8-4773-bdff-4027a7a679b6}]]></GPODomainGuid><GPODomainController><![CDATA[SRV2025.CONTOSO.COM]]></GPODomainController><BackupTime><![CDATA[2025-09-11T09:40:22]]></BackupTime><ID><![CDATA[{A91EEEB5-D9F3-464D-AB3D-C9573A553313}]]></ID><Comment><![CDATA[False]]></Comment><GPODisplayName><![CDATA[*- Tier 0 PAWs Firewall Restrictions]]></GPODisplayName></BackupInst><BackupInst><GPOGuid><![CDATA[{211c5245-a0e4-4bc8-a594-9b6ff4defac2}]]></GPOGuid><GPODomain><![CDATA[CONTOSO.COM]]></GPODomain><GPODomainGuid><![CDATA[{ea39afcd-e4e8-4773-bdff-4027a7a679b6}]]></GPODomainGuid><GPODomainController><![CDATA[SRV2025.CONTOSO.COM]]></GPODomainController><BackupTime><![CDATA[2025-09-11T09:40:22]]></BackupTime><ID><![CDATA[{C8053F34-0040-43F7-AD83-4A27CBB9FC5B}]]></ID><Comment><![CDATA[False]]></Comment><GPODisplayName><![CDATA[*- Tier 0 PAWs MSFT Windows Server 2025 - Domain Security]]></GPODisplayName></BackupInst><BackupInst><GPOGuid><![CDATA[{19fab392-b4b2-4956-9c9b-3ff60dc3f70c}]]></GPOGuid><GPODomain><![CDATA[CONTOSO.COM]]></GPODomain><GPODomainGuid><![CDATA[{ea39afcd-e4e8-4773-bdff-4027a7a679b6}]]></GPODomainGuid><GPODomainController><![CDATA[SRV2025.CONTOSO.COM]]></GPODomainController><BackupTime><![CDATA[2025-09-11T09:40:22]]></BackupTime><ID><![CDATA[{94278BAE-4E19-4F46-8A53-A99012A403E6}]]></ID><Comment><![CDATA[False]]></Comment><GPODisplayName><![CDATA[*- Tier 2 PAWs MSFT Windows 11 24H2 - BitLocker]]></GPODisplayName></BackupInst><BackupInst><GPOGuid><![CDATA[{f4381c29-c31b-4162-b337-abdf478b4c49}]]></GPOGuid><GPODomain><![CDATA[CONTOSO.COM]]></GPODomain><GPODomainGuid><![CDATA[{ea39afcd-e4e8-4773-bdff-4027a7a679b6}]]></GPODomainGuid><GPODomainController><![CDATA[SRV2025.CONTOSO.COM]]></GPODomainController><BackupTime><![CDATA[2025-09-11T09:40:21]]></BackupTime><ID><![CDATA[{728D794C-A544-4CAA-9B90-D4BDF88D04E8}]]></ID><Comment><![CDATA[False]]></Comment><GPODisplayName><![CDATA[*- Tier 0 Servers Account Restrictions]]></GPODisplayName></BackupInst><BackupInst><GPOGuid><![CDATA[{11398a6c-f39b-4183-99c6-ffb350b82604}]]></GPOGuid><GPODomain><![CDATA[CONTOSO.COM]]></GPODomain><GPODomainGuid><![CDATA[{ea39afcd-e4e8-4773-bdff-4027a7a679b6}]]></GPODomainGuid><GPODomainController><![CDATA[SRV2025.CONTOSO.COM]]></GPODomainController><BackupTime><![CDATA[2025-09-11T09:40:21]]></BackupTime><ID><![CDATA[{492BF8F2-BE1A-4622-9B76-CC070F15321B}]]></ID><Comment><![CDATA[False]]></Comment><GPODisplayName><![CDATA[*- Tier 2 PAWs MSFT Windows 11 24H2 - Credential Guard]]></GPODisplayName></BackupInst><BackupInst><GPOGuid><![CDATA[{05737319-755e-4d2b-8e8a-3173afe1eff1}]]></GPOGuid><GPODomain><![CDATA[CONTOSO.COM]]></GPODomain><GPODomainGuid><![CDATA[{ea39afcd-e4e8-4773-bdff-4027a7a679b6}]]></GPODomainGuid><GPODomainController><![CDATA[SRV2025.CONTOSO.COM]]></GPODomainController><BackupTime><![CDATA[2025-09-11T09:40:21]]></BackupTime><ID><![CDATA[{CCA27F83-3839-42D0-B986-B65ABFF4F019}]]></ID><Comment><![CDATA[False]]></Comment><GPODisplayName><![CDATA[*- Tier 1 PAWs Account Restrictions]]></GPODisplayName></BackupInst><BackupInst><GPOGuid><![CDATA[{1aee6cd8-4492-42f8-897f-eb4f2029d6c5}]]></GPOGuid><GPODomain><![CDATA[CONTOSO.COM]]></GPODomain><GPODomainGuid><![CDATA[{ea39afcd-e4e8-4773-bdff-4027a7a679b6}]]></GPODomainGuid><GPODomainController><![CDATA[SRV2025.CONTOSO.COM]]></GPODomainController><BackupTime><![CDATA[2025-09-11T09:40:21]]></BackupTime><ID><![CDATA[{2A3CD4F4-4C38-4CBE-9793-9942BD60D333}]]></ID><Comment><![CDATA[False]]></Comment><GPODisplayName><![CDATA[*- Tier 1 PAWs Windows LAPS - Computer]]></GPODisplayName></BackupInst><BackupInst><GPOGuid><![CDATA[{9c7f1a79-0e74-4e7d-8663-62e0e753f868}]]></GPOGuid><GPODomain><![CDATA[CONTOSO.COM]]></GPODomain><GPODomainGuid><![CDATA[{ea39afcd-e4e8-4773-bdff-4027a7a679b6}]]></GPODomainGuid><GPODomainController><![CDATA[SRV2025.CONTOSO.COM]]></GPODomainController><BackupTime><![CDATA[2025-09-11T09:40:21]]></BackupTime><ID><![CDATA[{DA13CBBB-5B1B-40D0-8433-F5104BEE7E4C}]]></ID><Comment><![CDATA[False]]></Comment><GPODisplayName><![CDATA[*- Tier 2 EUD MSFT Internet Explorer 11 - Computer]]></GPODisplayName></BackupInst><BackupInst><GPOGuid><![CDATA[{e0338b67-c5ff-4840-a504-0326b15a126d}]]></GPOGuid><GPODomain><![CDATA[CONTOSO.COM]]></GPODomain><GPODomainGuid><![CDATA[{ea39afcd-e4e8-4773-bdff-4027a7a679b6}]]></GPODomainGuid><GPODomainController><![CDATA[SRV2025.CONTOSO.COM]]></GPODomainController><BackupTime><![CDATA[2025-09-11T09:40:21]]></BackupTime><ID><![CDATA[{5E2E4194-89AD-447B-8281-0C2DC5BA9953}]]></ID><Comment><![CDATA[False]]></Comment><GPODisplayName><![CDATA[*- Tier 0 DCs SHF [Provider] [Version] - Computer]]></GPODisplayName></BackupInst><BackupInst><GPOGuid><![CDATA[{89839045-9846-482a-8738-fc5d3ce30cac}]]></GPOGuid><GPODomain><![CDATA[CONTOSO.COM]]></GPODomain><GPODomainGuid><![CDATA[{ea39afcd-e4e8-4773-bdff-4027a7a679b6}]]></GPODomainGuid><GPODomainController><![CDATA[SRV2025.CONTOSO.COM]]></GPODomainController><BackupTime><![CDATA[2025-09-11T09:40:21]]></BackupTime><ID><![CDATA[{5EB1406E-59AF-45EB-A32F-08516B185556}]]></ID><Comment><![CDATA[False]]></Comment><GPODisplayName><![CDATA[*- Tier 1 Servers MSFT Edge Version 128 - Computer]]></GPODisplayName></BackupInst><BackupInst><GPOGuid><![CDATA[{72b14fd2-e4e2-4c91-b373-fc976842c6b1}]]></GPOGuid><GPODomain><![CDATA[CONTOSO.COM]]></GPODomain><GPODomainGuid><![CDATA[{ea39afcd-e4e8-4773-bdff-4027a7a679b6}]]></GPODomainGuid><GPODomainController><![CDATA[SRV2025.CONTOSO.COM]]></GPODomainController><BackupTime><![CDATA[2025-09-11T09:40:21]]></BackupTime><ID><![CDATA[{9B430F65-A134-458A-807E-E5C238968898}]]></ID><Comment><![CDATA[False]]></Comment><GPODisplayName><![CDATA[*- Tier 0 PAWs Devices Base AppLocker Audit]]></GPODisplayName></BackupInst><BackupInst><GPOGuid><![CDATA[{d5b4551c-57f3-42f2-ad36-5c7be9bbb254}]]></GPOGuid><GPODomain><![CDATA[CONTOSO.COM]]></GPODomain><GPODomainGuid><![CDATA[{ea39afcd-e4e8-4773-bdff-4027a7a679b6}]]></GPODomainGuid><GPODomainController><![CDATA[SRV2025.CONTOSO.COM]]></GPODomainController><BackupTime><![CDATA[2025-09-11T09:40:21]]></BackupTime><ID><![CDATA[{76F19D03-6A92-45AB-AF19-4F0E231CEF1F}]]></ID><Comment><![CDATA[False]]></Comment><GPODisplayName><![CDATA[*- Tier 1 Servers Account Restrictions]]></GPODisplayName></BackupInst><BackupInst><GPOGuid><![CDATA[{b52b52e0-55c4-4756-8f00-de811ccce433}]]></GPOGuid><GPODomain><![CDATA[CONTOSO.COM]]></GPODomain><GPODomainGuid><![CDATA[{ea39afcd-e4e8-4773-bdff-4027a7a679b6}]]></GPODomainGuid><GPODomainController><![CDATA[SRV2025.CONTOSO.COM]]></GPODomainController><BackupTime><![CDATA[2025-09-11T09:40:20]]></BackupTime><ID><![CDATA[{449F6FF9-2F56-4815-9589-C1FF5845591B}]]></ID><Comment><![CDATA[False]]></Comment><GPODisplayName><![CDATA[*- Tier 1 PAWs MSFT Internet Explorer 11 - User]]></GPODisplayName></BackupInst><BackupInst><GPOGuid><![CDATA[{ade34580-ad01-44d6-b665-9fc59e01b048}]]></GPOGuid><GPODomain><![CDATA[CONTOSO.COM]]></GPODomain><GPODomainGuid><![CDATA[{ea39afcd-e4e8-4773-bdff-4027a7a679b6}]]></GPODomainGuid><GPODomainController><![CDATA[SRV2025.CONTOSO.COM]]></GPODomainController><BackupTime><![CDATA[2025-09-11T09:40:20]]></BackupTime><ID><![CDATA[{21376E6D-8EF4-4C1F-8377-CF3CC491CB8B}]]></ID><Comment><![CDATA[False]]></Comment><GPODisplayName><![CDATA[*- Tier 2 EUD MSFT Microsoft 365 Apps v2412 - Legacy JScript Block - Computer]]></GPODisplayName></BackupInst><BackupInst><GPOGuid><![CDATA[{42020c8a-cd3e-403d-b7c4-045912421774}]]></GPOGuid><GPODomain><![CDATA[CONTOSO.COM]]></GPODomain><GPODomainGuid><![CDATA[{ea39afcd-e4e8-4773-bdff-4027a7a679b6}]]></GPODomainGuid><GPODomainController><![CDATA[SRV2025.CONTOSO.COM]]></GPODomainController><BackupTime><![CDATA[2025-09-11T09:40:20]]></BackupTime><ID><![CDATA[{1595F8CD-E2E8-4295-80F4-CEBDD8636A44}]]></ID><Comment><![CDATA[False]]></Comment><GPODisplayName><![CDATA[*- Tier Model Template Tier 1 Servers Account Restrictions - Override - Deny Remote Desktop]]></GPODisplayName></BackupInst><BackupInst><GPOGuid><![CDATA[{615294c7-7ee8-4a2d-a5e1-84b6cbef7317}]]></GPOGuid><GPODomain><![CDATA[CONTOSO.COM]]></GPODomain><GPODomainGuid><![CDATA[{ea39afcd-e4e8-4773-bdff-4027a7a679b6}]]></GPODomainGuid><GPODomainController><![CDATA[SRV2025.CONTOSO.COM]]></GPODomainController><BackupTime><![CDATA[2025-09-11T09:40:20]]></BackupTime><ID><![CDATA[{A8A937D2-B088-4D16-9372-473113629A1D}]]></ID><Comment><![CDATA[False]]></Comment><GPODisplayName><![CDATA[*- Tier 0 Servers MSFT Windows Server 2025 - Defender Antivirus]]></GPODisplayName></BackupInst><BackupInst><GPOGuid><![CDATA[{aa44ef91-9aca-4b20-8928-f6af3c1213bd}]]></GPOGuid><GPODomain><![CDATA[CONTOSO.COM]]></GPODomain><GPODomainGuid><![CDATA[{ea39afcd-e4e8-4773-bdff-4027a7a679b6}]]></GPODomainGuid><GPODomainController><![CDATA[SRV2025.CONTOSO.COM]]></GPODomainController><BackupTime><![CDATA[2025-09-11T09:40:20]]></BackupTime><ID><![CDATA[{C1ABD050-9966-41A3-B6FC-48D0EE28245A}]]></ID><Comment><![CDATA[False]]></Comment><GPODisplayName><![CDATA[*- Tier 0 PAWs MSFT Windows 11 24H2 - BitLocker]]></GPODisplayName></BackupInst><BackupInst><GPOGuid><![CDATA[{fcf721ff-6a25-4f09-8d83-d87c27d86b67}]]></GPOGuid><GPODomain><![CDATA[CONTOSO.COM]]></GPODomain><GPODomainGuid><![CDATA[{ea39afcd-e4e8-4773-bdff-4027a7a679b6}]]></GPODomainGuid><GPODomainController><![CDATA[SRV2025.CONTOSO.COM]]></GPODomainController><BackupTime><![CDATA[2025-09-11T09:40:20]]></BackupTime><ID><![CDATA[{407BA993-467F-4E40-B8B8-DAD6E71FE5A7}]]></ID><Comment><![CDATA[False]]></Comment><GPODisplayName><![CDATA[*- Tier 2 PAWs MSFT Internet Explorer 11 - Computer]]></GPODisplayName></BackupInst><BackupInst><GPOGuid><![CDATA[{71b55b47-f72f-458d-a21c-aca6302903a2}]]></GPOGuid><GPODomain><![CDATA[CONTOSO.COM]]></GPODomain><GPODomainGuid><![CDATA[{ea39afcd-e4e8-4773-bdff-4027a7a679b6}]]></GPODomainGuid><GPODomainController><![CDATA[SRV2025.CONTOSO.COM]]></GPODomainController><BackupTime><![CDATA[2025-09-11T09:40:20]]></BackupTime><ID><![CDATA[{50FD3732-F767-4BAA-B184-F67582C1098A}]]></ID><Comment><![CDATA[False]]></Comment><GPODisplayName><![CDATA[*- Tier 1 PAWs SOE - Computer]]></GPODisplayName></BackupInst><BackupInst><GPOGuid><![CDATA[{cd205cc3-4d46-48c2-b88c-d79a697cdaa8}]]></GPOGuid><GPODomain><![CDATA[CONTOSO.COM]]></GPODomain><GPODomainGuid><![CDATA[{ea39afcd-e4e8-4773-bdff-4027a7a679b6}]]></GPODomainGuid><GPODomainController><![CDATA[SRV2025.CONTOSO.COM]]></GPODomainController><BackupTime><![CDATA[2025-09-11T09:40:20]]></BackupTime><ID><![CDATA[{D7B5B783-18ED-42F1-ACCE-5E00D80AB0DE}]]></ID><Comment><![CDATA[False]]></Comment><GPODisplayName><![CDATA[*- Tier 2 PAWs Devices Base AppLocker Audit]]></GPODisplayName></BackupInst><BackupInst><GPOGuid><![CDATA[{7cab616c-66a6-4da6-93f5-9bd34c84b76a}]]></GPOGuid><GPODomain><![CDATA[CONTOSO.COM]]></GPODomain><GPODomainGuid><![CDATA[{ea39afcd-e4e8-4773-bdff-4027a7a679b6}]]></GPODomainGuid><GPODomainController><![CDATA[SRV2025.CONTOSO.COM]]></GPODomainController><BackupTime><![CDATA[2025-09-11T09:40:20]]></BackupTime><ID><![CDATA[{5C679718-06B7-4F4E-8858-DF7B1374970B}]]></ID><Comment><![CDATA[False]]></Comment><GPODisplayName><![CDATA[*- Tier Model Computer Quarantine]]></GPODisplayName></BackupInst><BackupInst><GPOGuid><![CDATA[{6320257c-c228-4802-9b00-8f04f671b620}]]></GPOGuid><GPODomain><![CDATA[CONTOSO.COM]]></GPODomain><GPODomainGuid><![CDATA[{ea39afcd-e4e8-4773-bdff-4027a7a679b6}]]></GPODomainGuid><GPODomainController><![CDATA[SRV2025.CONTOSO.COM]]></GPODomainController><BackupTime><![CDATA[2025-09-11T09:40:19]]></BackupTime><ID><![CDATA[{F706AFE0-999C-445F-AC35-9A4B9B00CFB9}]]></ID><Comment><![CDATA[False]]></Comment><GPODisplayName><![CDATA[*- Tier Model Template SQL URA - Computer]]></GPODisplayName></BackupInst><BackupInst><GPOGuid><![CDATA[{d32cebe9-aee4-46da-b2e5-9d3020824568}]]></GPOGuid><GPODomain><![CDATA[CONTOSO.COM]]></GPODomain><GPODomainGuid><![CDATA[{ea39afcd-e4e8-4773-bdff-4027a7a679b6}]]></GPODomainGuid><GPODomainController><![CDATA[SRV2025.CONTOSO.COM]]></GPODomainController><BackupTime><![CDATA[2025-09-11T09:40:19]]></BackupTime><ID><![CDATA[{4BDDA7F2-21AC-4BCF-90A3-426ED26742C0}]]></ID><Comment><![CDATA[False]]></Comment><GPODisplayName><![CDATA[*- Tier Model Template Tier 1 Servers Account Restrictions - Override - Deny Network]]></GPODisplayName></BackupInst><BackupInst><GPOGuid><![CDATA[{df8f1b52-761f-4804-9579-5065f40c39b2}]]></GPOGuid><GPODomain><![CDATA[CONTOSO.COM]]></GPODomain><GPODomainGuid><![CDATA[{ea39afcd-e4e8-4773-bdff-4027a7a679b6}]]></GPODomainGuid><GPODomainController><![CDATA[SRV2025.CONTOSO.COM]]></GPODomainController><BackupTime><![CDATA[2025-09-11T09:40:19]]></BackupTime><ID><![CDATA[{773C98B0-9343-4DEE-930B-E0669972701E}]]></ID><Comment><![CDATA[False]]></Comment><GPODisplayName><![CDATA[*- Tier Model Template Tier 0 Servers Account Restrictions - Override - Deny Network]]></GPODisplayName></BackupInst><BackupInst><GPOGuid><![CDATA[{cdf34cfd-a9cd-40fc-a3b4-916fa6869808}]]></GPOGuid><GPODomain><![CDATA[CONTOSO.COM]]></GPODomain><GPODomainGuid><![CDATA[{ea39afcd-e4e8-4773-bdff-4027a7a679b6}]]></GPODomainGuid><GPODomainController><![CDATA[SRV2025.CONTOSO.COM]]></GPODomainController><BackupTime><![CDATA[2025-09-11T09:40:19]]></BackupTime><ID><![CDATA[{DF4399E7-34AC-4C47-AFAB-B31D35482652}]]></ID><Comment><![CDATA[False]]></Comment><GPODisplayName><![CDATA[*- Tier 2 EUD MSFT Windows 11 24H2 - Defender Antivirus]]></GPODisplayName></BackupInst><BackupInst><GPOGuid><![CDATA[{4f092843-243a-48ab-84b5-f11d60c73bc7}]]></GPOGuid><GPODomain><![CDATA[CONTOSO.COM]]></GPODomain><GPODomainGuid><![CDATA[{ea39afcd-e4e8-4773-bdff-4027a7a679b6}]]></GPODomainGuid><GPODomainController><![CDATA[SRV2025.CONTOSO.COM]]></GPODomainController><BackupTime><![CDATA[2025-09-11T09:40:19]]></BackupTime><ID><![CDATA[{88415A36-6CC2-4463-BFDF-35F4ED8AC519}]]></ID><Comment><![CDATA[False]]></Comment><GPODisplayName><![CDATA[*- Tier 1 PAWs MDE Tier 1 Group Tag - Computer]]></GPODisplayName></BackupInst><BackupInst><GPOGuid><![CDATA[{f014e8c0-1996-40ac-aa19-e76239ff2b43}]]></GPOGuid><GPODomain><![CDATA[CONTOSO.COM]]></GPODomain><GPODomainGuid><![CDATA[{ea39afcd-e4e8-4773-bdff-4027a7a679b6}]]></GPODomainGuid><GPODomainController><![CDATA[SRV2025.CONTOSO.COM]]></GPODomainController><BackupTime><![CDATA[2025-09-11T09:40:19]]></BackupTime><ID><![CDATA[{69D6B003-6E5A-436A-AE3D-ACCA5D59CE7D}]]></ID><Comment><![CDATA[False]]></Comment><GPODisplayName><![CDATA[*- Tier 0 PAWs Windows LAPS - Computer]]></GPODisplayName></BackupInst><BackupInst><GPOGuid><![CDATA[{4baf7a47-bf66-496c-b769-0e1b28cd17aa}]]></GPOGuid><GPODomain><![CDATA[CONTOSO.COM]]></GPODomain><GPODomainGuid><![CDATA[{ea39afcd-e4e8-4773-bdff-4027a7a679b6}]]></GPODomainGuid><GPODomainController><![CDATA[SRV2025.CONTOSO.COM]]></GPODomainController><BackupTime><![CDATA[2025-09-11T09:40:19]]></BackupTime><ID><![CDATA[{BD3A92CA-CE1B-4052-9194-5FE93A5C2369}]]></ID><Comment><![CDATA[False]]></Comment><GPODisplayName><![CDATA[*- Tier Model Account Restrictions]]></GPODisplayName></BackupInst><BackupInst><GPOGuid><![CDATA[{c7aa2ec3-987b-45d4-9e25-a4f85baf9ebc}]]></GPOGuid><GPODomain><![CDATA[CONTOSO.COM]]></GPODomain><GPODomainGuid><![CDATA[{ea39afcd-e4e8-4773-bdff-4027a7a679b6}]]></GPODomainGuid><GPODomainController><![CDATA[SRV2025.CONTOSO.COM]]></GPODomainController><BackupTime><![CDATA[2025-09-11T09:40:19]]></BackupTime><ID><![CDATA[{CC5EBE24-6EBA-4CB7-9FF9-D67ACFB459F5}]]></ID><Comment><![CDATA[False]]></Comment><GPODisplayName><![CDATA[*- Tier 1 PAWs MSFT Windows 11 24H2 - Credential Guard]]></GPODisplayName></BackupInst><BackupInst><GPOGuid><![CDATA[{4883da0d-12f7-4996-8170-a0425e6768f8}]]></GPOGuid><GPODomain><![CDATA[CONTOSO.COM]]></GPODomain><GPODomainGuid><![CDATA[{ea39afcd-e4e8-4773-bdff-4027a7a679b6}]]></GPODomainGuid><GPODomainController><![CDATA[SRV2025.CONTOSO.COM]]></GPODomainController><BackupTime><![CDATA[2025-09-11T09:40:19]]></BackupTime><ID><![CDATA[{6EB9F42D-13A7-47D3-8508-7AC659C19903}]]></ID><Comment><![CDATA[False]]></Comment><GPODisplayName><![CDATA[*- Tier 2 PAWs BitLocker]]></GPODisplayName></BackupInst><BackupInst><GPOGuid><![CDATA[{c1d8a020-9bff-44b4-a31c-91f1a483b3fc}]]></GPOGuid><GPODomain><![CDATA[CONTOSO.COM]]></GPODomain><GPODomainGuid><![CDATA[{ea39afcd-e4e8-4773-bdff-4027a7a679b6}]]></GPODomainGuid><GPODomainController><![CDATA[SRV2025.CONTOSO.COM]]></GPODomainController><BackupTime><![CDATA[2025-09-11T09:40:19]]></BackupTime><ID><![CDATA[{81810951-8185-4232-8459-84E9415F2C61}]]></ID><Comment><![CDATA[False]]></Comment><GPODisplayName><![CDATA[*- Tier 0 DCs Authentication Silo]]></GPODisplayName></BackupInst><BackupInst><GPOGuid><![CDATA[{b71f79c6-0a87-49ed-96f7-8c583f5e9233}]]></GPOGuid><GPODomain><![CDATA[CONTOSO.COM]]></GPODomain><GPODomainGuid><![CDATA[{ea39afcd-e4e8-4773-bdff-4027a7a679b6}]]></GPODomainGuid><GPODomainController><![CDATA[SRV2025.CONTOSO.COM]]></GPODomainController><BackupTime><![CDATA[2025-09-11T09:40:18]]></BackupTime><ID><![CDATA[{6EED26CD-C98E-4DA1-B554-150F3879D5AA}]]></ID><Comment><![CDATA[False]]></Comment><GPODisplayName><![CDATA[*- Tier 1 PAWs PowerShell Auditing Policy - Computer]]></GPODisplayName></BackupInst><BackupInst><GPOGuid><![CDATA[{7060a9d9-d21c-417d-bd18-615c20ffab63}]]></GPOGuid><GPODomain><![CDATA[CONTOSO.COM]]></GPODomain><GPODomainGuid><![CDATA[{ea39afcd-e4e8-4773-bdff-4027a7a679b6}]]></GPODomainGuid><GPODomainController><![CDATA[SRV2025.CONTOSO.COM]]></GPODomainController><BackupTime><![CDATA[2025-09-11T09:40:18]]></BackupTime><ID><![CDATA[{12425D50-874D-4E1A-A5D2-AD474D33C90F}]]></ID><Comment><![CDATA[False]]></Comment><GPODisplayName><![CDATA[*- Tier 0 PAWs MSFT Edge Version 128 - Computer]]></GPODisplayName></BackupInst><BackupInst><GPOGuid><![CDATA[{b26f43c9-2f95-45b3-acbd-68123c94cb49}]]></GPOGuid><GPODomain><![CDATA[CONTOSO.COM]]></GPODomain><GPODomainGuid><![CDATA[{ea39afcd-e4e8-4773-bdff-4027a7a679b6}]]></GPODomainGuid><GPODomainController><![CDATA[SRV2025.CONTOSO.COM]]></GPODomainController><BackupTime><![CDATA[2025-09-11T09:40:18]]></BackupTime><ID><![CDATA[{67A412B2-1925-4912-9997-EDFFB48614E3}]]></ID><Comment><![CDATA[False]]></Comment><GPODisplayName><![CDATA[*- Tier 0 PAWs MSFT Windows 11 24H2 - User]]></GPODisplayName></BackupInst><BackupInst><GPOGuid><![CDATA[{98684d17-bc04-4be6-a33a-73ba02ce2c71}]]></GPOGuid><GPODomain><![CDATA[CONTOSO.COM]]></GPODomain><GPODomainGuid><![CDATA[{ea39afcd-e4e8-4773-bdff-4027a7a679b6}]]></GPODomainGuid><GPODomainController><![CDATA[SRV2025.CONTOSO.COM]]></GPODomainController><BackupTime><![CDATA[2025-09-11T09:40:18]]></BackupTime><ID><![CDATA[{7C114CB4-24E2-436D-8BB7-7B515CC15D8D}]]></ID><Comment><![CDATA[False]]></Comment><GPODisplayName><![CDATA[*- Tier 0 Servers MDE Tier 0 Group Tag - Computer]]></GPODisplayName></BackupInst><BackupInst><GPOGuid><![CDATA[{4c13cca9-d5df-4e51-aa2f-490e0b394ed7}]]></GPOGuid><GPODomain><![CDATA[CONTOSO.COM]]></GPODomain><GPODomainGuid><![CDATA[{ea39afcd-e4e8-4773-bdff-4027a7a679b6}]]></GPODomainGuid><GPODomainController><![CDATA[SRV2025.CONTOSO.COM]]></GPODomainController><BackupTime><![CDATA[2025-09-11T09:40:18]]></BackupTime><ID><![CDATA[{33777EAC-5181-4516-9164-A7566950D5E4}]]></ID><Comment><![CDATA[False]]></Comment><GPODisplayName><![CDATA[*- Tier 2 PAWs Devices Base AppLocker Enforce]]></GPODisplayName></BackupInst><BackupInst><GPOGuid><![CDATA[{e88931b6-09b7-4734-b7f2-f4b48e1a7dea}]]></GPOGuid><GPODomain><![CDATA[CONTOSO.COM]]></GPODomain><GPODomainGuid><![CDATA[{ea39afcd-e4e8-4773-bdff-4027a7a679b6}]]></GPODomainGuid><GPODomainController><![CDATA[SRV2025.CONTOSO.COM]]></GPODomainController><BackupTime><![CDATA[2025-09-11T09:40:18]]></BackupTime><ID><![CDATA[{E0F2A599-9B8B-4D02-8560-6645426AAB0F}]]></ID><Comment><![CDATA[False]]></Comment><GPODisplayName><![CDATA[*- Tier 0 Servers SOE - Computer]]></GPODisplayName></BackupInst><BackupInst><GPOGuid><![CDATA[{f15b09c5-f304-405d-829c-a84251a5f69b}]]></GPOGuid><GPODomain><![CDATA[CONTOSO.COM]]></GPODomain><GPODomainGuid><![CDATA[{ea39afcd-e4e8-4773-bdff-4027a7a679b6}]]></GPODomainGuid><GPODomainController><![CDATA[SRV2025.CONTOSO.COM]]></GPODomainController><BackupTime><![CDATA[2025-09-11T09:40:18]]></BackupTime><ID><![CDATA[{5F1F6191-E5EC-48EC-8255-6733C1F3D440}]]></ID><Comment><![CDATA[False]]></Comment><GPODisplayName><![CDATA[*- Tier 1 PAWs SHF [Provider] [Version] - Computer]]></GPODisplayName></BackupInst><BackupInst><GPOGuid><![CDATA[{e087b958-263a-4b86-a622-2a26f000749e}]]></GPOGuid><GPODomain><![CDATA[CONTOSO.COM]]></GPODomain><GPODomainGuid><![CDATA[{ea39afcd-e4e8-4773-bdff-4027a7a679b6}]]></GPODomainGuid><GPODomainController><![CDATA[SRV2025.CONTOSO.COM]]></GPODomainController><BackupTime><![CDATA[2025-09-11T09:40:18]]></BackupTime><ID><![CDATA[{67EDB509-A759-4AA1-96CF-C069C4621E74}]]></ID><Comment><![CDATA[False]]></Comment><GPODisplayName><![CDATA[*- Tier 2 EUD MSFT Microsoft 365 Apps v2412 - Computer]]></GPODisplayName></BackupInst><BackupInst><GPOGuid><![CDATA[{9632338f-5964-4503-9d06-f65f02427e60}]]></GPOGuid><GPODomain><![CDATA[CONTOSO.COM]]></GPODomain><GPODomainGuid><![CDATA[{ea39afcd-e4e8-4773-bdff-4027a7a679b6}]]></GPODomainGuid><GPODomainController><![CDATA[SRV2025.CONTOSO.COM]]></GPODomainController><BackupTime><![CDATA[2025-09-11T09:40:18]]></BackupTime><ID><![CDATA[{D281EA9E-719B-4E55-A96E-1FA995DF06D5}]]></ID><Comment><![CDATA[False]]></Comment><GPODisplayName><![CDATA[*- Tier 0 PAWs MSFT Internet Explorer 11 - Computer]]></GPODisplayName></BackupInst><BackupInst><GPOGuid><![CDATA[{1981904d-ba55-4a57-8935-23f1c1039225}]]></GPOGuid><GPODomain><![CDATA[CONTOSO.COM]]></GPODomain><GPODomainGuid><![CDATA[{ea39afcd-e4e8-4773-bdff-4027a7a679b6}]]></GPODomainGuid><GPODomainController><![CDATA[SRV2025.CONTOSO.COM]]></GPODomainController><BackupTime><![CDATA[2025-09-11T09:40:17]]></BackupTime><ID><![CDATA[{1AFA4E16-17C3-4D4E-AD59-E2AC0C419881}]]></ID><Comment><![CDATA[False]]></Comment><GPODisplayName><![CDATA[*- Tier 1 PAWs Devices Base AppLocker Enforce]]></GPODisplayName></BackupInst><BackupInst><GPOGuid><![CDATA[{d71db7ba-6d99-44f4-b950-e9fa8bbf6c77}]]></GPOGuid><GPODomain><![CDATA[CONTOSO.COM]]></GPODomain><GPODomainGuid><![CDATA[{ea39afcd-e4e8-4773-bdff-4027a7a679b6}]]></GPODomainGuid><GPODomainController><![CDATA[SRV2025.CONTOSO.COM]]></GPODomainController><BackupTime><![CDATA[2025-09-11T09:40:17]]></BackupTime><ID><![CDATA[{53662E63-2EC7-41F3-917C-CF2FBF57A107}]]></ID><Comment><![CDATA[False]]></Comment><GPODisplayName><![CDATA[*- Tier Model Template IIS URA - Computer]]></GPODisplayName></BackupInst><BackupInst><GPOGuid><![CDATA[{bc4d6394-49a6-42ab-b27d-3514c5be9b86}]]></GPOGuid><GPODomain><![CDATA[CONTOSO.COM]]></GPODomain><GPODomainGuid><![CDATA[{ea39afcd-e4e8-4773-bdff-4027a7a679b6}]]></GPODomainGuid><GPODomainController><![CDATA[SRV2025.CONTOSO.COM]]></GPODomainController><BackupTime><![CDATA[2025-09-11T09:40:17]]></BackupTime><ID><![CDATA[{A35D025D-5864-415A-9C8E-64E89C8AD567}]]></ID><Comment><![CDATA[False]]></Comment><GPODisplayName><![CDATA[*- Tier 0 PAWs MSFT Internet Explorer 11 - User]]></GPODisplayName></BackupInst><BackupInst><GPOGuid><![CDATA[{d16ae3cf-f452-43f4-8168-5a11cc943beb}]]></GPOGuid><GPODomain><![CDATA[CONTOSO.COM]]></GPODomain><GPODomainGuid><![CDATA[{ea39afcd-e4e8-4773-bdff-4027a7a679b6}]]></GPODomainGuid><GPODomainController><![CDATA[SRV2025.CONTOSO.COM]]></GPODomainController><BackupTime><![CDATA[2025-09-11T09:40:17]]></BackupTime><ID><![CDATA[{E5595EA9-2346-43ED-9A66-D44FA9A5E1A7}]]></ID><Comment><![CDATA[False]]></Comment><GPODisplayName><![CDATA[*- Tier 0 Servers SHF [Provider] [Version] - Computer]]></GPODisplayName></BackupInst><BackupInst><GPOGuid><![CDATA[{54d19478-dfd0-419e-aea5-d293ee670c64}]]></GPOGuid><GPODomain><![CDATA[CONTOSO.COM]]></GPODomain><GPODomainGuid><![CDATA[{ea39afcd-e4e8-4773-bdff-4027a7a679b6}]]></GPODomainGuid><GPODomainController><![CDATA[SRV2025.CONTOSO.COM]]></GPODomainController><BackupTime><![CDATA[2025-09-11T09:40:17]]></BackupTime><ID><![CDATA[{AD778DEF-E9EB-44A3-B79F-129183CF27D2}]]></ID><Comment><![CDATA[False]]></Comment><GPODisplayName><![CDATA[*- Tier 0 PAWs MSFT Windows 11 24H2 - Defender Antivirus]]></GPODisplayName></BackupInst><BackupInst><GPOGuid><![CDATA[{ea19979d-45ae-4695-861e-e7683ac856e6}]]></GPOGuid><GPODomain><![CDATA[CONTOSO.COM]]></GPODomain><GPODomainGuid><![CDATA[{ea39afcd-e4e8-4773-bdff-4027a7a679b6}]]></GPODomainGuid><GPODomainController><![CDATA[SRV2025.CONTOSO.COM]]></GPODomainController><BackupTime><![CDATA[2025-09-11T09:40:17]]></BackupTime><ID><![CDATA[{ADA786BC-7DD1-4218-AEAB-B4FD2F32C18A}]]></ID><Comment><![CDATA[False]]></Comment><GPODisplayName><![CDATA[*- Tier 0 DCs MDE Tier 0 Group Tag - Computer]]></GPODisplayName></BackupInst><BackupInst><GPOGuid><![CDATA[{1ce35750-d41e-4afc-b4ac-33cee8b096c7}]]></GPOGuid><GPODomain><![CDATA[CONTOSO.COM]]></GPODomain><GPODomainGuid><![CDATA[{ea39afcd-e4e8-4773-bdff-4027a7a679b6}]]></GPODomainGuid><GPODomainController><![CDATA[SRV2025.CONTOSO.COM]]></GPODomainController><BackupTime><![CDATA[2025-09-11T09:40:17]]></BackupTime><ID><![CDATA[{C560EFAD-25E7-4FCF-B0D8-256E88DFBD49}]]></ID><Comment><![CDATA[False]]></Comment><GPODisplayName><![CDATA[*- Tier 2 PAWs Account Restrictions]]></GPODisplayName></BackupInst><BackupInst><GPOGuid><![CDATA[{2f81255a-dd8a-42ef-b969-fc84a0c239cf}]]></GPOGuid><GPODomain><![CDATA[CONTOSO.COM]]></GPODomain><GPODomainGuid><![CDATA[{ea39afcd-e4e8-4773-bdff-4027a7a679b6}]]></GPODomainGuid><GPODomainController><![CDATA[SRV2025.CONTOSO.COM]]></GPODomainController><BackupTime><![CDATA[2025-09-11T09:40:17]]></BackupTime><ID><![CDATA[{0E67228C-5E6B-46CF-BEAF-22A9FEFB202A}]]></ID><Comment><![CDATA[False]]></Comment><GPODisplayName><![CDATA[*- Tier 0 PAWs Account Restrictions]]></GPODisplayName></BackupInst><BackupInst><GPOGuid><![CDATA[{94e5287a-9460-4a57-9e77-14f91077d359}]]></GPOGuid><GPODomain><![CDATA[CONTOSO.COM]]></GPODomain><GPODomainGuid><![CDATA[{ea39afcd-e4e8-4773-bdff-4027a7a679b6}]]></GPODomainGuid><GPODomainController><![CDATA[SRV2025.CONTOSO.COM]]></GPODomainController><BackupTime><![CDATA[2025-09-11T09:40:17]]></BackupTime><ID><![CDATA[{882EF43A-52E9-40A6-9C40-0C05D94E0A1D}]]></ID><Comment><![CDATA[False]]></Comment><GPODisplayName><![CDATA[*- Tier 0 PAWs SHF [Provider] [Version] - User]]></GPODisplayName></BackupInst><BackupInst><GPOGuid><![CDATA[{eee1f017-5ba5-4ff5-8675-07c3def90100}]]></GPOGuid><GPODomain><![CDATA[CONTOSO.COM]]></GPODomain><GPODomainGuid><![CDATA[{ea39afcd-e4e8-4773-bdff-4027a7a679b6}]]></GPODomainGuid><GPODomainController><![CDATA[SRV2025.CONTOSO.COM]]></GPODomainController><BackupTime><![CDATA[2025-09-11T09:40:17]]></BackupTime><ID><![CDATA[{70FA92A9-B392-4602-95B3-2B722329C79D}]]></ID><Comment><![CDATA[False]]></Comment><GPODisplayName><![CDATA[*- Tier 2 EUD SOE - Computer]]></GPODisplayName></BackupInst><BackupInst><GPOGuid><![CDATA[{1532a600-d4da-42d4-b1b5-bec90f0b3806}]]></GPOGuid><GPODomain><![CDATA[CONTOSO.COM]]></GPODomain><GPODomainGuid><![CDATA[{ea39afcd-e4e8-4773-bdff-4027a7a679b6}]]></GPODomainGuid><GPODomainController><![CDATA[SRV2025.CONTOSO.COM]]></GPODomainController><BackupTime><![CDATA[2025-09-11T09:40:16]]></BackupTime><ID><![CDATA[{DC187F1D-2CC6-4859-86F7-681C92355B45}]]></ID><Comment><![CDATA[False]]></Comment><GPODisplayName><![CDATA[*- Tier Model Template Tier 0 Servers Account Restrictions - Override - Deny Service]]></GPODisplayName></BackupInst><BackupInst><GPOGuid><![CDATA[{6f3d57ad-4a1b-4d7f-acf6-2236f77a1f2a}]]></GPOGuid><GPODomain><![CDATA[CONTOSO.COM]]></GPODomain><GPODomainGuid><![CDATA[{ea39afcd-e4e8-4773-bdff-4027a7a679b6}]]></GPODomainGuid><GPODomainController><![CDATA[SRV2025.CONTOSO.COM]]></GPODomainController><BackupTime><![CDATA[2025-09-11T09:40:16]]></BackupTime><ID><![CDATA[{800BA623-BEB3-4C0D-A2B3-5BAE024BAC91}]]></ID><Comment><![CDATA[False]]></Comment><GPODisplayName><![CDATA[*- Tier 1 Servers PowerShell Auditing Policy - Computer]]></GPODisplayName></BackupInst><BackupInst><GPOGuid><![CDATA[{6d050a01-0cf2-4d53-83ec-8cf56cc13f4f}]]></GPOGuid><GPODomain><![CDATA[CONTOSO.COM]]></GPODomain><GPODomainGuid><![CDATA[{ea39afcd-e4e8-4773-bdff-4027a7a679b6}]]></GPODomainGuid><GPODomainController><![CDATA[SRV2025.CONTOSO.COM]]></GPODomainController><BackupTime><![CDATA[2025-09-11T09:40:16]]></BackupTime><ID><![CDATA[{F7947722-A25A-4081-A61E-3CDD3ABCC598}]]></ID><Comment><![CDATA[False]]></Comment><GPODisplayName><![CDATA[*- Tier 2 PAWs PowerShell Auditing Policy - Computer]]></GPODisplayName></BackupInst><BackupInst><GPOGuid><![CDATA[{6e3ef3e3-ec93-4206-9680-9edf9076aaec}]]></GPOGuid><GPODomain><![CDATA[CONTOSO.COM]]></GPODomain><GPODomainGuid><![CDATA[{ea39afcd-e4e8-4773-bdff-4027a7a679b6}]]></GPODomainGuid><GPODomainController><![CDATA[SRV2025.CONTOSO.COM]]></GPODomainController><BackupTime><![CDATA[2025-09-11T09:40:16]]></BackupTime><ID><![CDATA[{6DD8B914-5438-4E47-909B-BFC68EA1CBDF}]]></ID><Comment><![CDATA[False]]></Comment><GPODisplayName><![CDATA[*- Tier 0 DCs Advanced Audit Policy - Computer]]></GPODisplayName></BackupInst><BackupInst><GPOGuid><![CDATA[{a9c8e29f-1083-4fc1-95b7-fe8cce8f1254}]]></GPOGuid><GPODomain><![CDATA[CONTOSO.COM]]></GPODomain><GPODomainGuid><![CDATA[{ea39afcd-e4e8-4773-bdff-4027a7a679b6}]]></GPODomainGuid><GPODomainController><![CDATA[SRV2025.CONTOSO.COM]]></GPODomainController><BackupTime><![CDATA[2025-09-11T09:40:16]]></BackupTime><ID><![CDATA[{5C31A169-1884-4738-AA0B-879BA650AEC8}]]></ID><Comment><![CDATA[False]]></Comment><GPODisplayName><![CDATA[*- Tier 2 EUA MSFT Microsoft 365 Apps v2412 - User]]></GPODisplayName></BackupInst><BackupInst><GPOGuid><![CDATA[{eac5b10e-d117-469c-a6e3-7b9b7fa09b0f}]]></GPOGuid><GPODomain><![CDATA[CONTOSO.COM]]></GPODomain><GPODomainGuid><![CDATA[{ea39afcd-e4e8-4773-bdff-4027a7a679b6}]]></GPODomainGuid><GPODomainController><![CDATA[SRV2025.CONTOSO.COM]]></GPODomainController><BackupTime><![CDATA[2025-09-11T09:40:16]]></BackupTime><ID><![CDATA[{ED43011A-FBE9-46B9-9741-30AF7F8DBBEC}]]></ID><Comment><![CDATA[False]]></Comment><GPODisplayName><![CDATA[*- Tier 2 EUA MSFT Windows 11 24H2 - User]]></GPODisplayName></BackupInst><BackupInst><GPOGuid><![CDATA[{422c140a-87aa-41b8-b3f5-0c158adb428d}]]></GPOGuid><GPODomain><![CDATA[CONTOSO.COM]]></GPODomain><GPODomainGuid><![CDATA[{ea39afcd-e4e8-4773-bdff-4027a7a679b6}]]></GPODomainGuid><GPODomainController><![CDATA[SRV2025.CONTOSO.COM]]></GPODomainController><BackupTime><![CDATA[2025-09-11T09:40:16]]></BackupTime><ID><![CDATA[{D84DE488-2EA4-4570-BBD2-027869420C70}]]></ID><Comment><![CDATA[False]]></Comment><GPODisplayName><![CDATA[*- Tier 2 EUA MSFT Microsoft 365 Apps v2412 - DDE Block - User]]></GPODisplayName></BackupInst><BackupInst><GPOGuid><![CDATA[{edbf5c43-c1db-4969-8260-22d32e14ab5a}]]></GPOGuid><GPODomain><![CDATA[CONTOSO.COM]]></GPODomain><GPODomainGuid><![CDATA[{ea39afcd-e4e8-4773-bdff-4027a7a679b6}]]></GPODomainGuid><GPODomainController><![CDATA[SRV2025.CONTOSO.COM]]></GPODomainController><BackupTime><![CDATA[2025-09-11T09:40:16]]></BackupTime><ID><![CDATA[{43DFBDD4-5277-4506-970F-DA856C8C95AC}]]></ID><Comment><![CDATA[False]]></Comment><GPODisplayName><![CDATA[*- Tier 1 Servers MSFT Windows Server 2025 - Defender Antivirus]]></GPODisplayName></BackupInst><BackupInst><GPOGuid><![CDATA[{37f0b86c-0cdf-4e5c-a1f0-e85c33bd622f}]]></GPOGuid><GPODomain><![CDATA[CONTOSO.COM]]></GPODomain><GPODomainGuid><![CDATA[{ea39afcd-e4e8-4773-bdff-4027a7a679b6}]]></GPODomainGuid><GPODomainController><![CDATA[SRV2025.CONTOSO.COM]]></GPODomainController><BackupTime><![CDATA[2025-09-11T09:40:16]]></BackupTime><ID><![CDATA[{068A74B6-9BE8-4B9F-A957-613DFBE4A08E}]]></ID><Comment><![CDATA[False]]></Comment><GPODisplayName><![CDATA[*- Tier 1 PAWs SOE - User]]></GPODisplayName></BackupInst><BackupInst><GPOGuid><![CDATA[{ce7cb877-080b-4638-9434-ab3ddfcd0739}]]></GPOGuid><GPODomain><![CDATA[CONTOSO.COM]]></GPODomain><GPODomainGuid><![CDATA[{ea39afcd-e4e8-4773-bdff-4027a7a679b6}]]></GPODomainGuid><GPODomainController><![CDATA[SRV2025.CONTOSO.COM]]></GPODomainController><BackupTime><![CDATA[2025-09-11T09:40:16]]></BackupTime><ID><![CDATA[{BC46CE61-1237-4A9D-A21E-BE5FD18F55A9}]]></ID><Comment><![CDATA[False]]></Comment><GPODisplayName><![CDATA[*- Tier 0 Servers PowerShell Auditing Policy - Computer]]></GPODisplayName></BackupInst><BackupInst><GPOGuid><![CDATA[{0f61b9c2-91fd-4942-aee2-4486146f1222}]]></GPOGuid><GPODomain><![CDATA[CONTOSO.COM]]></GPODomain><GPODomainGuid><![CDATA[{ea39afcd-e4e8-4773-bdff-4027a7a679b6}]]></GPODomainGuid><GPODomainController><![CDATA[SRV2025.CONTOSO.COM]]></GPODomainController><BackupTime><![CDATA[2025-09-11T09:40:16]]></BackupTime><ID><![CDATA[{45262E92-B6E7-4196-9F8B-2ED398548676}]]></ID><Comment><![CDATA[False]]></Comment><GPODisplayName><![CDATA[*- Tier 2 PAWs MDE Tier 2 Group Tag - Computer]]></GPODisplayName></BackupInst><BackupInst><GPOGuid><![CDATA[{19a41be0-b20a-4598-9bd6-5ed445cd078b}]]></GPOGuid><GPODomain><![CDATA[CONTOSO.COM]]></GPODomain><GPODomainGuid><![CDATA[{ea39afcd-e4e8-4773-bdff-4027a7a679b6}]]></GPODomainGuid><GPODomainController><![CDATA[SRV2025.CONTOSO.COM]]></GPODomainController><BackupTime><![CDATA[2025-09-11T09:40:15]]></BackupTime><ID><![CDATA[{D8ED7028-C0E9-4CE2-A5A5-103F4DC4A6BB}]]></ID><Comment><![CDATA[False]]></Comment><GPODisplayName><![CDATA[*- Tier 2 EUD MSFT Windows Server 2025 - Domain Security]]></GPODisplayName></BackupInst><BackupInst><GPOGuid><![CDATA[{dc67f068-a72b-407d-966c-5005fd9e1df1}]]></GPOGuid><GPODomain><![CDATA[CONTOSO.COM]]></GPODomain><GPODomainGuid><![CDATA[{ea39afcd-e4e8-4773-bdff-4027a7a679b6}]]></GPODomainGuid><GPODomainController><![CDATA[SRV2025.CONTOSO.COM]]></GPODomainController><BackupTime><![CDATA[2025-09-11T09:40:15]]></BackupTime><ID><![CDATA[{07042ECA-76D3-41CB-868D-0C1907ABF072}]]></ID><Comment><![CDATA[False]]></Comment><GPODisplayName><![CDATA[*- Tier 0 DCs MSFT Windows Server 2025 - Domain Controller Virtualization Based Security]]></GPODisplayName></BackupInst><BackupInst><GPOGuid><![CDATA[{2465deae-53c3-46dd-a5e2-e54964f802e2}]]></GPOGuid><GPODomain><![CDATA[CONTOSO.COM]]></GPODomain><GPODomainGuid><![CDATA[{ea39afcd-e4e8-4773-bdff-4027a7a679b6}]]></GPODomainGuid><GPODomainController><![CDATA[SRV2025.CONTOSO.COM]]></GPODomainController><BackupTime><![CDATA[2025-09-11T09:40:15]]></BackupTime><ID><![CDATA[{A6254461-3D7C-4082-99B4-D47C6E6460D5}]]></ID><Comment><![CDATA[False]]></Comment><GPODisplayName><![CDATA[*- Tier Model Template Security Baseline - Computer]]></GPODisplayName></BackupInst><BackupInst><GPOGuid><![CDATA[{ed46de84-f5e3-4d8c-9b12-4d5f4643b30f}]]></GPOGuid><GPODomain><![CDATA[CONTOSO.COM]]></GPODomain><GPODomainGuid><![CDATA[{ea39afcd-e4e8-4773-bdff-4027a7a679b6}]]></GPODomainGuid><GPODomainController><![CDATA[SRV2025.CONTOSO.COM]]></GPODomainController><BackupTime><![CDATA[2025-09-11T09:40:15]]></BackupTime><ID><![CDATA[{97B5B8B8-DC9C-4E19-89D1-DACA0EB88995}]]></ID><Comment><![CDATA[False]]></Comment><GPODisplayName><![CDATA[*- Tier 2 EUD MSFT Windows 11 24H2 - BitLocker]]></GPODisplayName></BackupInst><BackupInst><GPOGuid><![CDATA[{abf9f4ce-963e-41cd-a5a6-40e9ebd64008}]]></GPOGuid><GPODomain><![CDATA[CONTOSO.COM]]></GPODomain><GPODomainGuid><![CDATA[{ea39afcd-e4e8-4773-bdff-4027a7a679b6}]]></GPODomainGuid><GPODomainController><![CDATA[SRV2025.CONTOSO.COM]]></GPODomainController><BackupTime><![CDATA[2025-09-11T09:40:15]]></BackupTime><ID><![CDATA[{83B8FAE4-9B0E-4D67-95D5-1C1303F945AD}]]></ID><Comment><![CDATA[False]]></Comment><GPODisplayName><![CDATA[*- Tier 2 PAWs MSFT Windows 11 24H2 - User]]></GPODisplayName></BackupInst><BackupInst><GPOGuid><![CDATA[{2ca6a6cd-bd07-4ad3-a4d5-9a39884bc325}]]></GPOGuid><GPODomain><![CDATA[CONTOSO.COM]]></GPODomain><GPODomainGuid><![CDATA[{ea39afcd-e4e8-4773-bdff-4027a7a679b6}]]></GPODomainGuid><GPODomainController><![CDATA[SRV2025.CONTOSO.COM]]></GPODomainController><BackupTime><![CDATA[2025-09-11T09:40:15]]></BackupTime><ID><![CDATA[{7CB581A6-D11D-496D-9335-ACEB49871631}]]></ID><Comment><![CDATA[False]]></Comment><GPODisplayName><![CDATA[*- Tier 1 PAWs MSFT Edge Version 128 - Computer]]></GPODisplayName></BackupInst><BackupInst><GPOGuid><![CDATA[{7f735d5e-2821-4227-83c6-56af4cc2caea}]]></GPOGuid><GPODomain><![CDATA[CONTOSO.COM]]></GPODomain><GPODomainGuid><![CDATA[{ea39afcd-e4e8-4773-bdff-4027a7a679b6}]]></GPODomainGuid><GPODomainController><![CDATA[SRV2025.CONTOSO.COM]]></GPODomainController><BackupTime><![CDATA[2025-09-11T09:40:15]]></BackupTime><ID><![CDATA[{2F4F72E5-80C5-4866-B28B-E5F18AF98E6C}]]></ID><Comment><![CDATA[False]]></Comment><GPODisplayName><![CDATA[*- Tier 1 PAWs Firewall Restrictions]]></GPODisplayName></BackupInst><BackupInst><GPOGuid><![CDATA[{025ff569-fdc0-4664-8ff9-fd567c48cdcc}]]></GPOGuid><GPODomain><![CDATA[CONTOSO.COM]]></GPODomain><GPODomainGuid><![CDATA[{ea39afcd-e4e8-4773-bdff-4027a7a679b6}]]></GPODomainGuid><GPODomainController><![CDATA[SRV2025.CONTOSO.COM]]></GPODomainController><BackupTime><![CDATA[2025-09-11T09:40:15]]></BackupTime><ID><![CDATA[{CBFE9956-0532-4604-BD5F-6B658CC94FA3}]]></ID><Comment><![CDATA[False]]></Comment><GPODisplayName><![CDATA[*- Tier Model Template Tier 1 Servers Account Restrictions - Override - Deny Batch]]></GPODisplayName></BackupInst><BackupInst><GPOGuid><![CDATA[{cfe1a1be-e98a-40ca-b13a-4580862c1ad7}]]></GPOGuid><GPODomain><![CDATA[CONTOSO.COM]]></GPODomain><GPODomainGuid><![CDATA[{ea39afcd-e4e8-4773-bdff-4027a7a679b6}]]></GPODomainGuid><GPODomainController><![CDATA[SRV2025.CONTOSO.COM]]></GPODomainController><BackupTime><![CDATA[2025-09-11T09:40:15]]></BackupTime><ID><![CDATA[{B458FBF8-1D2B-495A-8665-0EDF39A95697}]]></ID><Comment><![CDATA[False]]></Comment><GPODisplayName><![CDATA[*- Tier 1 PAWs MSFT Windows 11 24H2 - User]]></GPODisplayName></BackupInst><BackupInst><GPOGuid><![CDATA[{8224d312-2afd-4c23-916b-63d3b918de8f}]]></GPOGuid><GPODomain><![CDATA[CONTOSO.COM]]></GPODomain><GPODomainGuid><![CDATA[{ea39afcd-e4e8-4773-bdff-4027a7a679b6}]]></GPODomainGuid><GPODomainController><![CDATA[SRV2025.CONTOSO.COM]]></GPODomainController><BackupTime><![CDATA[2025-09-11T09:40:15]]></BackupTime><ID><![CDATA[{40B5E722-2E0D-4228-930B-07D86D694A6F}]]></ID><Comment><![CDATA[False]]></Comment><GPODisplayName><![CDATA[*- Tier 1 Servers MDE Tier 1 Group Tag - Computer]]></GPODisplayName></BackupInst><BackupInst><GPOGuid><![CDATA[{88c6b267-2d76-46ef-aa97-46ef198636bb}]]></GPOGuid><GPODomain><![CDATA[CONTOSO.COM]]></GPODomain><GPODomainGuid><![CDATA[{ea39afcd-e4e8-4773-bdff-4027a7a679b6}]]></GPODomainGuid><GPODomainController><![CDATA[SRV2025.CONTOSO.COM]]></GPODomainController><BackupTime><![CDATA[2025-09-11T09:40:15]]></BackupTime><ID><![CDATA[{C7FB0E15-BB51-4DAF-9851-9F63A299DC77}]]></ID><Comment><![CDATA[False]]></Comment><GPODisplayName><![CDATA[*- Tier Model Template Firewall Audit - Computer]]></GPODisplayName></BackupInst><BackupInst><GPOGuid><![CDATA[{0f688c8d-5d71-4627-b8c3-0043c122b714}]]></GPOGuid><GPODomain><![CDATA[CONTOSO.COM]]></GPODomain><GPODomainGuid><![CDATA[{ea39afcd-e4e8-4773-bdff-4027a7a679b6}]]></GPODomainGuid><GPODomainController><![CDATA[SRV2025.CONTOSO.COM]]></GPODomainController><BackupTime><![CDATA[2025-09-11T09:40:14]]></BackupTime><ID><![CDATA[{E67CFF07-175C-45CF-9A84-42B0730F6FE2}]]></ID><Comment><![CDATA[False]]></Comment><GPODisplayName><![CDATA[*- Tier Model Template Tier 1 Servers Account Restrictions - Override - Deny Service]]></GPODisplayName></BackupInst><BackupInst><GPOGuid><![CDATA[{5b1644d6-0934-48fe-a033-36481cfa2647}]]></GPOGuid><GPODomain><![CDATA[CONTOSO.COM]]></GPODomain><GPODomainGuid><![CDATA[{ea39afcd-e4e8-4773-bdff-4027a7a679b6}]]></GPODomainGuid><GPODomainController><![CDATA[SRV2025.CONTOSO.COM]]></GPODomainController><BackupTime><![CDATA[2025-09-11T09:40:14]]></BackupTime><ID><![CDATA[{44792D55-B844-4A9E-B4A1-D65196C2F719}]]></ID><Comment><![CDATA[False]]></Comment><GPODisplayName><![CDATA[*- Tier Model Template IIS and SQL URA - Computer]]></GPODisplayName></BackupInst><BackupInst><GPOGuid><![CDATA[{31aff22c-08c3-4e79-a2ed-079478f0749a}]]></GPOGuid><GPODomain><![CDATA[CONTOSO.COM]]></GPODomain><GPODomainGuid><![CDATA[{ea39afcd-e4e8-4773-bdff-4027a7a679b6}]]></GPODomainGuid><GPODomainController><![CDATA[SRV2025.CONTOSO.COM]]></GPODomainController><BackupTime><![CDATA[2025-09-11T09:40:14]]></BackupTime><ID><![CDATA[{DB28F924-D8B4-4466-B601-B7012C542F10}]]></ID><Comment><![CDATA[False]]></Comment><GPODisplayName><![CDATA[*- Tier 2 PAWs MSFT Internet Explorer 11 - User]]></GPODisplayName></BackupInst><BackupInst><GPOGuid><![CDATA[{e2773b6a-57ff-450d-924f-59b018462f31}]]></GPOGuid><GPODomain><![CDATA[CONTOSO.COM]]></GPODomain><GPODomainGuid><![CDATA[{ea39afcd-e4e8-4773-bdff-4027a7a679b6}]]></GPODomainGuid><GPODomainController><![CDATA[SRV2025.CONTOSO.COM]]></GPODomainController><BackupTime><![CDATA[2025-09-11T09:40:14]]></BackupTime><ID><![CDATA[{B01B42F8-53D8-4011-A010-8BA1749F4DD1}]]></ID><Comment><![CDATA[False]]></Comment><GPODisplayName><![CDATA[*- Tier 0 PAWs MSFT Windows 11 24H2 - Computer]]></GPODisplayName></BackupInst><BackupInst><GPOGuid><![CDATA[{fb572106-8eaf-45dd-abc1-3e50646fed61}]]></GPOGuid><GPODomain><![CDATA[CONTOSO.COM]]></GPODomain><GPODomainGuid><![CDATA[{ea39afcd-e4e8-4773-bdff-4027a7a679b6}]]></GPODomainGuid><GPODomainController><![CDATA[SRV2025.CONTOSO.COM]]></GPODomainController><BackupTime><![CDATA[2025-09-11T09:40:14]]></BackupTime><ID><![CDATA[{363008AE-2678-471E-AF14-7ECA7F51EAEA}]]></ID><Comment><![CDATA[False]]></Comment><GPODisplayName><![CDATA[*- Tier Model PAW Staging BitLocker]]></GPODisplayName></BackupInst><BackupInst><GPOGuid><![CDATA[{9e06ff3b-3c27-48b1-af44-2acdb5f78be8}]]></GPOGuid><GPODomain><![CDATA[CONTOSO.COM]]></GPODomain><GPODomainGuid><![CDATA[{ea39afcd-e4e8-4773-bdff-4027a7a679b6}]]></GPODomainGuid><GPODomainController><![CDATA[SRV2025.CONTOSO.COM]]></GPODomainController><BackupTime><![CDATA[2025-09-11T09:40:14]]></BackupTime><ID><![CDATA[{4283B24D-6FC7-460F-8B7A-859B9EA33FBA}]]></ID><Comment><![CDATA[False]]></Comment><GPODisplayName><![CDATA[*- Tier 2 PAWs SOE - User]]></GPODisplayName></BackupInst><BackupInst><GPOGuid><![CDATA[{6a9e8909-6c33-42c5-b140-c2c42889bdbb}]]></GPOGuid><GPODomain><![CDATA[CONTOSO.COM]]></GPODomain><GPODomainGuid><![CDATA[{ea39afcd-e4e8-4773-bdff-4027a7a679b6}]]></GPODomainGuid><GPODomainController><![CDATA[SRV2025.CONTOSO.COM]]></GPODomainController><BackupTime><![CDATA[2025-09-11T09:40:14]]></BackupTime><ID><![CDATA[{EBE934F5-0931-46A3-AB2A-8C0648AFDB26}]]></ID><Comment><![CDATA[False]]></Comment><GPODisplayName><![CDATA[*- Tier 2 PAWs MSFT Edge Version 128 - Computer]]></GPODisplayName></BackupInst><BackupInst><GPOGuid><![CDATA[{5f8de074-b6f3-4cb8-8e2f-410e3ecaff66}]]></GPOGuid><GPODomain><![CDATA[CONTOSO.COM]]></GPODomain><GPODomainGuid><![CDATA[{ea39afcd-e4e8-4773-bdff-4027a7a679b6}]]></GPODomainGuid><GPODomainController><![CDATA[SRV2025.CONTOSO.COM]]></GPODomainController><BackupTime><![CDATA[2025-09-11T09:40:14]]></BackupTime><ID><![CDATA[{043DDA32-B680-432F-A982-93981028688C}]]></ID><Comment><![CDATA[False]]></Comment><GPODisplayName><![CDATA[*- Tier 0 DCs SOE - Computer]]></GPODisplayName></BackupInst><BackupInst><GPOGuid><![CDATA[{fed4162c-727c-4fa5-96db-235704209e7e}]]></GPOGuid><GPODomain><![CDATA[CONTOSO.COM]]></GPODomain><GPODomainGuid><![CDATA[{ea39afcd-e4e8-4773-bdff-4027a7a679b6}]]></GPODomainGuid><GPODomainController><![CDATA[SRV2025.CONTOSO.COM]]></GPODomainController><BackupTime><![CDATA[2025-09-11T09:40:14]]></BackupTime><ID><![CDATA[{1709F719-2229-45B1-B3AF-6ADE1E46ED6E}]]></ID><Comment><![CDATA[False]]></Comment><GPODisplayName><![CDATA[*- Tier 1 Servers MSFT Windows Server 2025 - Domain Security]]></GPODisplayName></BackupInst><BackupInst><GPOGuid><![CDATA[{701c7a34-8adc-48c2-a21f-46433960fb1a}]]></GPOGuid><GPODomain><![CDATA[CONTOSO.COM]]></GPODomain><GPODomainGuid><![CDATA[{ea39afcd-e4e8-4773-bdff-4027a7a679b6}]]></GPODomainGuid><GPODomainController><![CDATA[SRV2025.CONTOSO.COM]]></GPODomainController><BackupTime><![CDATA[2025-09-11T09:40:14]]></BackupTime><ID><![CDATA[{4FD6737C-55DB-4F52-ABA3-3E87F928F375}]]></ID><Comment><![CDATA[False]]></Comment><GPODisplayName><![CDATA[*- Tier 1 PAWs Devices Base AppLocker Audit]]></GPODisplayName></BackupInst><BackupInst><GPOGuid><![CDATA[{7449a3cf-5368-40c5-aa49-f0a7c8428c75}]]></GPOGuid><GPODomain><![CDATA[CONTOSO.COM]]></GPODomain><GPODomainGuid><![CDATA[{ea39afcd-e4e8-4773-bdff-4027a7a679b6}]]></GPODomainGuid><GPODomainController><![CDATA[SRV2025.CONTOSO.COM]]></GPODomainController><BackupTime><![CDATA[2025-09-11T09:40:13]]></BackupTime><ID><![CDATA[{E29270D9-1DCC-48B9-B65F-812A1A5BEF73}]]></ID><Comment><![CDATA[False]]></Comment><GPODisplayName><![CDATA[*- Tier 0 Servers MSFT Windows Server 2025 - Member Server]]></GPODisplayName></BackupInst><BackupInst><GPOGuid><![CDATA[{07e740bc-a99d-448a-93ad-b6f9e8836f2f}]]></GPOGuid><GPODomain><![CDATA[CONTOSO.COM]]></GPODomain><GPODomainGuid><![CDATA[{ea39afcd-e4e8-4773-bdff-4027a7a679b6}]]></GPODomainGuid><GPODomainController><![CDATA[SRV2025.CONTOSO.COM]]></GPODomainController><BackupTime><![CDATA[2025-09-11T09:40:13]]></BackupTime><ID><![CDATA[{A5E816B5-D799-4AC3-8004-DD055AF5D229}]]></ID><Comment><![CDATA[False]]></Comment><GPODisplayName><![CDATA[*- Tier 1 Servers SOE - Computer]]></GPODisplayName></BackupInst><BackupInst><GPOGuid><![CDATA[{1fe344aa-b200-4d7b-99ce-8bf1b352300d}]]></GPOGuid><GPODomain><![CDATA[CONTOSO.COM]]></GPODomain><GPODomainGuid><![CDATA[{ea39afcd-e4e8-4773-bdff-4027a7a679b6}]]></GPODomainGuid><GPODomainController><![CDATA[SRV2025.CONTOSO.COM]]></GPODomainController><BackupTime><![CDATA[2025-09-11T09:40:13]]></BackupTime><ID><![CDATA[{D26AA898-C6E8-4781-AC7F-E445E4DF3E84}]]></ID><Comment><![CDATA[False]]></Comment><GPODisplayName><![CDATA[*- Tier 2 EUA MSFT Microsoft 365 Apps v2412 - Require Macro Signing - User]]></GPODisplayName></BackupInst><BackupInst><GPOGuid><![CDATA[{8de4e13f-fb83-4b76-b94d-4005dae8bfb6}]]></GPOGuid><GPODomain><![CDATA[CONTOSO.COM]]></GPODomain><GPODomainGuid><![CDATA[{ea39afcd-e4e8-4773-bdff-4027a7a679b6}]]></GPODomainGuid><GPODomainController><![CDATA[SRV2025.CONTOSO.COM]]></GPODomainController><BackupTime><![CDATA[2025-09-11T09:40:13]]></BackupTime><ID><![CDATA[{2EA7B69F-C069-448B-B6C7-24993FC488F3}]]></ID><Comment><![CDATA[False]]></Comment><GPODisplayName><![CDATA[*- Tier 1 PAWs MSFT Internet Explorer 11 - Computer]]></GPODisplayName></BackupInst><BackupInst><GPOGuid><![CDATA[{19552c44-353d-4cbc-9e36-6c2fd5a6fd6a}]]></GPOGuid><GPODomain><![CDATA[CONTOSO.COM]]></GPODomain><GPODomainGuid><![CDATA[{ea39afcd-e4e8-4773-bdff-4027a7a679b6}]]></GPODomainGuid><GPODomainController><![CDATA[SRV2025.CONTOSO.COM]]></GPODomainController><BackupTime><![CDATA[2025-09-11T09:40:13]]></BackupTime><ID><![CDATA[{30DA612D-E268-4F21-8A83-4FF3EB3F94ED}]]></ID><Comment><![CDATA[False]]></Comment><GPODisplayName><![CDATA[*- Tier 0 PAWs MDE Tier 0 Group Tag - Computer]]></GPODisplayName></BackupInst><BackupInst><GPOGuid><![CDATA[{3b6166a8-6e2c-4d1d-8abf-3ce57df8737b}]]></GPOGuid><GPODomain><![CDATA[CONTOSO.COM]]></GPODomain><GPODomainGuid><![CDATA[{ea39afcd-e4e8-4773-bdff-4027a7a679b6}]]></GPODomainGuid><GPODomainController><![CDATA[SRV2025.CONTOSO.COM]]></GPODomainController><BackupTime><![CDATA[2025-09-11T09:40:13]]></BackupTime><ID><![CDATA[{ED76D44B-FF0C-4318-ADF4-CF47B3B107CA}]]></ID><Comment><![CDATA[False]]></Comment><GPODisplayName><![CDATA[*- Tier 0 Servers Windows LAPS - Computer]]></GPODisplayName></BackupInst><BackupInst><GPOGuid><![CDATA[{8ce0f5aa-5814-4c56-ba59-5e63d730aca4}]]></GPOGuid><GPODomain><![CDATA[CONTOSO.COM]]></GPODomain><GPODomainGuid><![CDATA[{ea39afcd-e4e8-4773-bdff-4027a7a679b6}]]></GPODomainGuid><GPODomainController><![CDATA[SRV2025.CONTOSO.COM]]></GPODomainController><BackupTime><![CDATA[2025-09-11T09:40:13]]></BackupTime><ID><![CDATA[{3019FE0D-CC89-4A3A-8217-FC890DF78969}]]></ID><Comment><![CDATA[False]]></Comment><GPODisplayName><![CDATA[*- Tier 2 EUA SOE - User]]></GPODisplayName></BackupInst><BackupInst><GPOGuid><![CDATA[{b0b2c8ad-aea2-4a1c-830b-ca77c076d474}]]></GPOGuid><GPODomain><![CDATA[CONTOSO.COM]]></GPODomain><GPODomainGuid><![CDATA[{ea39afcd-e4e8-4773-bdff-4027a7a679b6}]]></GPODomainGuid><GPODomainController><![CDATA[SRV2025.CONTOSO.COM]]></GPODomainController><BackupTime><![CDATA[2025-09-11T09:40:13]]></BackupTime><ID><![CDATA[{3F02AC08-78F0-4E91-B7D3-BAD4B6791F28}]]></ID><Comment><![CDATA[False]]></Comment><GPODisplayName><![CDATA[*- Tier 1 Servers MSFT Internet Explorer 11 - Computer]]></GPODisplayName></BackupInst><BackupInst><GPOGuid><![CDATA[{bf9220fb-5b1d-490b-a8c5-6a5ed07d002b}]]></GPOGuid><GPODomain><![CDATA[CONTOSO.COM]]></GPODomain><GPODomainGuid><![CDATA[{ea39afcd-e4e8-4773-bdff-4027a7a679b6}]]></GPODomainGuid><GPODomainController><![CDATA[SRV2025.CONTOSO.COM]]></GPODomainController><BackupTime><![CDATA[2025-09-11T09:40:13]]></BackupTime><ID><![CDATA[{D4C83135-C514-43FB-8975-8BF60144759F}]]></ID><Comment><![CDATA[False]]></Comment><GPODisplayName><![CDATA[*- Tier 0 DCs Firewall Restrictions]]></GPODisplayName></BackupInst><BackupInst><GPOGuid><![CDATA[{4096ade2-9d2f-465c-be2a-6e8624424313}]]></GPOGuid><GPODomain><![CDATA[CONTOSO.COM]]></GPODomain><GPODomainGuid><![CDATA[{ea39afcd-e4e8-4773-bdff-4027a7a679b6}]]></GPODomainGuid><GPODomainController><![CDATA[SRV2025.CONTOSO.COM]]></GPODomainController><BackupTime><![CDATA[2025-09-11T09:40:13]]></BackupTime><ID><![CDATA[{EEEAB926-9823-4435-B77D-E229E028D1A4}]]></ID><Comment><![CDATA[False]]></Comment><GPODisplayName><![CDATA[*- Tier 0 Servers MSFT Windows Server 2025 - Domain Security]]></GPODisplayName></BackupInst><BackupInst><GPOGuid><![CDATA[{0c5fad10-feea-4e1e-a38b-ca65ad747071}]]></GPOGuid><GPODomain><![CDATA[CONTOSO.COM]]></GPODomain><GPODomainGuid><![CDATA[{ea39afcd-e4e8-4773-bdff-4027a7a679b6}]]></GPODomainGuid><GPODomainController><![CDATA[SRV2025.CONTOSO.COM]]></GPODomainController><BackupTime><![CDATA[2025-09-11T09:40:13]]></BackupTime><ID><![CDATA[{F6C56499-CBA2-420D-97A9-8BA3CF46D1B4}]]></ID><Comment><![CDATA[False]]></Comment><GPODisplayName><![CDATA[*- Tier 0 PAWs Internet Access Configuration - User]]></GPODisplayName></BackupInst><BackupInst><GPOGuid><![CDATA[{9f84a9be-70a7-44e2-9121-294a0acc4fe8}]]></GPOGuid><GPODomain><![CDATA[CONTOSO.COM]]></GPODomain><GPODomainGuid><![CDATA[{ea39afcd-e4e8-4773-bdff-4027a7a679b6}]]></GPODomainGuid><GPODomainController><![CDATA[SRV2025.CONTOSO.COM]]></GPODomainController><BackupTime><![CDATA[2025-09-11T09:40:13]]></BackupTime><ID><![CDATA[{0AC8A571-0DB5-408C-B9DB-3897F1DA220B}]]></ID><Comment><![CDATA[False]]></Comment><GPODisplayName><![CDATA[*- Tier 0 DCs MSFT Internet Explorer 11 - Computer]]></GPODisplayName></BackupInst><BackupInst><GPOGuid><![CDATA[{487e2040-6c6b-4152-b86b-6a935be6bb12}]]></GPOGuid><GPODomain><![CDATA[CONTOSO.COM]]></GPODomain><GPODomainGuid><![CDATA[{ea39afcd-e4e8-4773-bdff-4027a7a679b6}]]></GPODomainGuid><GPODomainController><![CDATA[SRV2025.CONTOSO.COM]]></GPODomainController><BackupTime><![CDATA[2025-09-11T09:40:12]]></BackupTime><ID><![CDATA[{18FDE90E-53F0-4969-9B5F-E8D24CEA4753}]]></ID><Comment><![CDATA[False]]></Comment><GPODisplayName><![CDATA[*- Tier 1 PAWs MSFT Windows 11 24H2 - Computer]]></GPODisplayName></BackupInst><BackupInst><GPOGuid><![CDATA[{ee103dce-1219-41d5-81df-ac036476b0f8}]]></GPOGuid><GPODomain><![CDATA[CONTOSO.COM]]></GPODomain><GPODomainGuid><![CDATA[{ea39afcd-e4e8-4773-bdff-4027a7a679b6}]]></GPODomainGuid><GPODomainController><![CDATA[SRV2025.CONTOSO.COM]]></GPODomainController><BackupTime><![CDATA[2025-09-11T09:40:12]]></BackupTime><ID><![CDATA[{FF9AFE43-3B93-4D51-9B97-C514CC461C30}]]></ID><Comment><![CDATA[False]]></Comment><GPODisplayName><![CDATA[*- Tier 0 DCs MSFT Windows Server 2025 - Defender Antivirus]]></GPODisplayName></BackupInst><BackupInst><GPOGuid><![CDATA[{6d6339c3-9c1b-442c-a20c-841f5aff55f8}]]></GPOGuid><GPODomain><![CDATA[CONTOSO.COM]]></GPODomain><GPODomainGuid><![CDATA[{ea39afcd-e4e8-4773-bdff-4027a7a679b6}]]></GPODomainGuid><GPODomainController><![CDATA[SRV2025.CONTOSO.COM]]></GPODomainController><BackupTime><![CDATA[2025-09-11T09:40:12]]></BackupTime><ID><![CDATA[{7A69A6DF-F0FC-4EFD-AED4-0FFB95740494}]]></ID><Comment><![CDATA[False]]></Comment><GPODisplayName><![CDATA[*- Tier 2 PAWs Firewall Restrictions]]></GPODisplayName></BackupInst><BackupInst><GPOGuid><![CDATA[{0bc3fc76-4fec-4c79-be3d-3866f610387f}]]></GPOGuid><GPODomain><![CDATA[CONTOSO.COM]]></GPODomain><GPODomainGuid><![CDATA[{ea39afcd-e4e8-4773-bdff-4027a7a679b6}]]></GPODomainGuid><GPODomainController><![CDATA[SRV2025.CONTOSO.COM]]></GPODomainController><BackupTime><![CDATA[2025-09-11T09:40:12]]></BackupTime><ID><![CDATA[{A11CDCAB-5213-4900-BC4F-574A068757EC}]]></ID><Comment><![CDATA[False]]></Comment><GPODisplayName><![CDATA[*- Tier 0 Servers MSFT Internet Explorer 11 - Computer]]></GPODisplayName></BackupInst><BackupInst><GPOGuid><![CDATA[{9a548be0-b550-4434-a0cf-df46b4080c32}]]></GPOGuid><GPODomain><![CDATA[CONTOSO.COM]]></GPODomain><GPODomainGuid><![CDATA[{ea39afcd-e4e8-4773-bdff-4027a7a679b6}]]></GPODomainGuid><GPODomainController><![CDATA[SRV2025.CONTOSO.COM]]></GPODomainController><BackupTime><![CDATA[2025-09-11T09:40:12]]></BackupTime><ID><![CDATA[{11FCC713-BF5D-4F74-9A58-BCE414E1D2BC}]]></ID><Comment><![CDATA[False]]></Comment><GPODisplayName><![CDATA[*- Tier 2 PAWs SOE - Computer]]></GPODisplayName></BackupInst><BackupInst><GPOGuid><![CDATA[{aff5a46f-1e7e-4b4c-a4bc-6bad414632f3}]]></GPOGuid><GPODomain><![CDATA[CONTOSO.COM]]></GPODomain><GPODomainGuid><![CDATA[{ea39afcd-e4e8-4773-bdff-4027a7a679b6}]]></GPODomainGuid><GPODomainController><![CDATA[SRV2025.CONTOSO.COM]]></GPODomainController><BackupTime><![CDATA[2025-09-11T09:40:12]]></BackupTime><ID><![CDATA[{66234344-E789-4C4E-BFBE-6CACCF13612C}]]></ID><Comment><![CDATA[False]]></Comment><GPODisplayName><![CDATA[*- Tier 2 PAWs MSFT Windows 11 24H2 - Defender Antivirus]]></GPODisplayName></BackupInst><BackupInst><GPOGuid><![CDATA[{a5978022-a757-4bfc-b481-4a6d48b99a59}]]></GPOGuid><GPODomain><![CDATA[CONTOSO.COM]]></GPODomain><GPODomainGuid><![CDATA[{ea39afcd-e4e8-4773-bdff-4027a7a679b6}]]></GPODomainGuid><GPODomainController><![CDATA[SRV2025.CONTOSO.COM]]></GPODomainController><BackupTime><![CDATA[2025-09-11T09:40:12]]></BackupTime><ID><![CDATA[{684959A1-BE6D-4F97-A953-50F17879E8F1}]]></ID><Comment><![CDATA[False]]></Comment><GPODisplayName><![CDATA[*- Tier 1 Servers MSFT Windows Server 2025 - Member Server Credential Guard]]></GPODisplayName></BackupInst><BackupInst><GPOGuid><![CDATA[{a8ad556c-0335-4015-b8dc-b81b74c39d60}]]></GPOGuid><GPODomain><![CDATA[CONTOSO.COM]]></GPODomain><GPODomainGuid><![CDATA[{ea39afcd-e4e8-4773-bdff-4027a7a679b6}]]></GPODomainGuid><GPODomainController><![CDATA[SRV2025.CONTOSO.COM]]></GPODomainController><BackupTime><![CDATA[2025-09-11T09:40:12]]></BackupTime><ID><![CDATA[{319C3A9C-3CED-49EA-B5FD-9EC0BC8EEA75}]]></ID><Comment><![CDATA[False]]></Comment><GPODisplayName><![CDATA[*- Tier 2 PAWs SHF [Provider] [Version] - Computer]]></GPODisplayName></BackupInst><BackupInst><GPOGuid><![CDATA[{fb2c3f12-97f2-4e1c-84c5-baf30fd54290}]]></GPOGuid><GPODomain><![CDATA[CONTOSO.COM]]></GPODomain><GPODomainGuid><![CDATA[{ea39afcd-e4e8-4773-bdff-4027a7a679b6}]]></GPODomainGuid><GPODomainController><![CDATA[SRV2025.CONTOSO.COM]]></GPODomainController><BackupTime><![CDATA[2025-09-11T09:40:12]]></BackupTime><ID><![CDATA[{8B84A84F-08C7-4DC8-958A-9296301A862D}]]></ID><Comment><![CDATA[False]]></Comment><GPODisplayName><![CDATA[*- Tier 0 Servers MSFT Edge Version 128 - Computer]]></GPODisplayName></BackupInst><BackupInst><GPOGuid><![CDATA[{49e0cb6c-145d-4836-9049-91bcc3889fdb}]]></GPOGuid><GPODomain><![CDATA[CONTOSO.COM]]></GPODomain><GPODomainGuid><![CDATA[{ea39afcd-e4e8-4773-bdff-4027a7a679b6}]]></GPODomainGuid><GPODomainController><![CDATA[SRV2025.CONTOSO.COM]]></GPODomainController><BackupTime><![CDATA[2025-09-11T09:40:12]]></BackupTime><ID><![CDATA[{A4087FF5-E0DF-43FD-A49C-194977C7A40C}]]></ID><Comment><![CDATA[False]]></Comment><GPODisplayName><![CDATA[*- Tier 2 EUD SHF [Provider] [Version] - Computer]]></GPODisplayName></BackupInst><BackupInst><GPOGuid><![CDATA[{53de5f85-5c82-4d42-b624-c964242aff93}]]></GPOGuid><GPODomain><![CDATA[CONTOSO.COM]]></GPODomain><GPODomainGuid><![CDATA[{ea39afcd-e4e8-4773-bdff-4027a7a679b6}]]></GPODomainGuid><GPODomainController><![CDATA[SRV2025.CONTOSO.COM]]></GPODomainController><BackupTime><![CDATA[2025-09-11T09:40:12]]></BackupTime><ID><![CDATA[{70CC3EA2-EA48-4956-A0CE-72D8DC325A22}]]></ID><Comment><![CDATA[False]]></Comment><GPODisplayName><![CDATA[*- Tier 2 EUA MSFT Internet Explorer 11 - User]]></GPODisplayName></BackupInst><BackupInst><GPOGuid><![CDATA[{38dbe824-e5f3-49d8-82bf-4b6967b9a449}]]></GPOGuid><GPODomain><![CDATA[CONTOSO.COM]]></GPODomain><GPODomainGuid><![CDATA[{ea39afcd-e4e8-4773-bdff-4027a7a679b6}]]></GPODomainGuid><GPODomainController><![CDATA[SRV2025.CONTOSO.COM]]></GPODomainController><BackupTime><![CDATA[2025-09-11T09:40:12]]></BackupTime><ID><![CDATA[{8DDD247D-693E-4CCD-BD59-716168DCF999}]]></ID><Comment><![CDATA[False]]></Comment><GPODisplayName><![CDATA[*- Tier 1 Servers Windows LAPS - Computer]]></GPODisplayName></BackupInst><BackupInst><GPOGuid><![CDATA[{6ac5625b-ba61-479b-a65b-d746ebc12a53}]]></GPOGuid><GPODomain><![CDATA[CONTOSO.COM]]></GPODomain><GPODomainGuid><![CDATA[{ea39afcd-e4e8-4773-bdff-4027a7a679b6}]]></GPODomainGuid><GPODomainController><![CDATA[SRV2025.CONTOSO.COM]]></GPODomainController><BackupTime><![CDATA[2025-09-11T09:40:11]]></BackupTime><ID><![CDATA[{0453FA4C-F4FF-48AC-A21C-DCF376C28D55}]]></ID><Comment><![CDATA[False]]></Comment><GPODisplayName><![CDATA[*- Tier 0 Servers MSFT Windows Server 2025 - Member Server Credential Guard]]></GPODisplayName></BackupInst><BackupInst><GPOGuid><![CDATA[{88a5ed30-9f82-4e08-be6a-3071d9df065f}]]></GPOGuid><GPODomain><![CDATA[CONTOSO.COM]]></GPODomain><GPODomainGuid><![CDATA[{ea39afcd-e4e8-4773-bdff-4027a7a679b6}]]></GPODomainGuid><GPODomainController><![CDATA[SRV2025.CONTOSO.COM]]></GPODomainController><BackupTime><![CDATA[2025-09-11T09:40:11]]></BackupTime><ID><![CDATA[{F1891D06-A3B1-450A-A602-CEEE519641D1}]]></ID><Comment><![CDATA[False]]></Comment><GPODisplayName><![CDATA[*- Tier 0 DCs Windows LAPS - Computer]]></GPODisplayName></BackupInst><BackupInst><GPOGuid><![CDATA[{96687028-a4a6-489c-9bd2-81a8c8fa7dba}]]></GPOGuid><GPODomain><![CDATA[CONTOSO.COM]]></GPODomain><GPODomainGuid><![CDATA[{ea39afcd-e4e8-4773-bdff-4027a7a679b6}]]></GPODomainGuid><GPODomainController><![CDATA[SRV2025.CONTOSO.COM]]></GPODomainController><BackupTime><![CDATA[2025-09-11T09:40:11]]></BackupTime><ID><![CDATA[{25631EF5-1E76-4879-BB21-71091DCE2F32}]]></ID><Comment><![CDATA[False]]></Comment><GPODisplayName><![CDATA[*- Tier 2 PAWs SHF [Provider] [Version] - User]]></GPODisplayName></BackupInst><BackupInst><GPOGuid><![CDATA[{d51af988-3a27-446d-b9f9-7008cbcbcefa}]]></GPOGuid><GPODomain><![CDATA[CONTOSO.COM]]></GPODomain><GPODomainGuid><![CDATA[{ea39afcd-e4e8-4773-bdff-4027a7a679b6}]]></GPODomainGuid><GPODomainController><![CDATA[SRV2025.CONTOSO.COM]]></GPODomainController><BackupTime><![CDATA[2025-09-11T09:40:11]]></BackupTime><ID><![CDATA[{4B20C70F-7DDB-4F29-8A0A-A7242711F473}]]></ID><Comment><![CDATA[False]]></Comment><GPODisplayName><![CDATA[*- Tier 0 DCs MSFT Edge Version 128 - Computer]]></GPODisplayName></BackupInst><BackupInst><GPOGuid><![CDATA[{7f6078a9-a8cd-492f-959f-3b596b501bb8}]]></GPOGuid><GPODomain><![CDATA[CONTOSO.COM]]></GPODomain><GPODomainGuid><![CDATA[{ea39afcd-e4e8-4773-bdff-4027a7a679b6}]]></GPODomainGuid><GPODomainController><![CDATA[SRV2025.CONTOSO.COM]]></GPODomainController><BackupTime><![CDATA[2025-09-11T09:40:11]]></BackupTime><ID><![CDATA[{7921358F-2092-4D6C-9AA1-DCD35F7F47C0}]]></ID><Comment><![CDATA[False]]></Comment><GPODisplayName><![CDATA[*- Tier 1 Servers SHF [Provider] [Version] - Computer]]></GPODisplayName></BackupInst><BackupInst><GPOGuid><![CDATA[{b970be10-a5f9-404b-b51f-94f5bd1a2509}]]></GPOGuid><GPODomain><![CDATA[CONTOSO.COM]]></GPODomain><GPODomainGuid><![CDATA[{ea39afcd-e4e8-4773-bdff-4027a7a679b6}]]></GPODomainGuid><GPODomainController><![CDATA[SRV2025.CONTOSO.COM]]></GPODomainController><BackupTime><![CDATA[2025-09-11T09:40:11]]></BackupTime><ID><![CDATA[{508FDFA5-1264-425C-8CF7-1E8D7F523BA4}]]></ID><Comment><![CDATA[False]]></Comment><GPODisplayName><![CDATA[*- Tier 0 PAWs MSFT Windows 11 24H2 - Credential Guard]]></GPODisplayName></BackupInst><BackupInst><GPOGuid><![CDATA[{710faa6b-a4c7-47a3-abaf-af292e915849}]]></GPOGuid><GPODomain><![CDATA[CONTOSO.COM]]></GPODomain><GPODomainGuid><![CDATA[{ea39afcd-e4e8-4773-bdff-4027a7a679b6}]]></GPODomainGuid><GPODomainController><![CDATA[SRV2025.CONTOSO.COM]]></GPODomainController><BackupTime><![CDATA[2025-09-11T09:40:11]]></BackupTime><ID><![CDATA[{A748406C-9BE6-4F68-95A1-70069C86492F}]]></ID><Comment><![CDATA[False]]></Comment><GPODisplayName><![CDATA[*- Tier Model PAW Staging Account Restrictions]]></GPODisplayName></BackupInst><BackupInst><GPOGuid><![CDATA[{6c1f3092-b367-4c36-9edc-8c445ae80f7a}]]></GPOGuid><GPODomain><![CDATA[CONTOSO.COM]]></GPODomain><GPODomainGuid><![CDATA[{ea39afcd-e4e8-4773-bdff-4027a7a679b6}]]></GPODomainGuid><GPODomainController><![CDATA[SRV2025.CONTOSO.COM]]></GPODomainController><BackupTime><![CDATA[2025-09-11T09:40:11]]></BackupTime><ID><![CDATA[{1572D6BF-41CF-4B6F-A7E1-2704559D6A28}]]></ID><Comment><![CDATA[False]]></Comment><GPODisplayName><![CDATA[*- Tier 2 PAWs MSFT Windows 11 24H2 - Computer]]></GPODisplayName></BackupInst><BackupInst><GPOGuid><![CDATA[{a5cb3e7a-93b1-42a5-9015-2263dbd5fe43}]]></GPOGuid><GPODomain><![CDATA[CONTOSO.COM]]></GPODomain><GPODomainGuid><![CDATA[{ea39afcd-e4e8-4773-bdff-4027a7a679b6}]]></GPODomainGuid><GPODomainController><![CDATA[SRV2025.CONTOSO.COM]]></GPODomainController><BackupTime><![CDATA[2025-09-11T09:40:11]]></BackupTime><ID><![CDATA[{654DB4A3-39BB-4F3B-B78E-E4795F88E480}]]></ID><Comment><![CDATA[False]]></Comment><GPODisplayName><![CDATA[*- Tier 1 PAWs SHF [Provider] [Version] - User]]></GPODisplayName></BackupInst><BackupInst><GPOGuid><![CDATA[{83af1ab9-1fd0-4e06-88d8-3e8593864497}]]></GPOGuid><GPODomain><![CDATA[CONTOSO.COM]]></GPODomain><GPODomainGuid><![CDATA[{ea39afcd-e4e8-4773-bdff-4027a7a679b6}]]></GPODomainGuid><GPODomainController><![CDATA[SRV2025.CONTOSO.COM]]></GPODomainController><BackupTime><![CDATA[2025-09-11T09:40:11]]></BackupTime><ID><![CDATA[{92D1A9D0-D8F6-40D4-BB15-08246AE501BD}]]></ID><Comment><![CDATA[False]]></Comment><GPODisplayName><![CDATA[*- Tier 0 PAWs PowerShell Auditing Policy - Computer]]></GPODisplayName></BackupInst><BackupInst><GPOGuid><![CDATA[{5a88e3b1-25ab-43c3-b2c0-0b702ec019d3}]]></GPOGuid><GPODomain><![CDATA[CONTOSO.COM]]></GPODomain><GPODomainGuid><![CDATA[{ea39afcd-e4e8-4773-bdff-4027a7a679b6}]]></GPODomainGuid><GPODomainController><![CDATA[SRV2025.CONTOSO.COM]]></GPODomainController><BackupTime><![CDATA[2025-09-11T09:40:11]]></BackupTime><ID><![CDATA[{2BB4FC4D-3526-43C8-AC83-B94BECDFE679}]]></ID><Comment><![CDATA[False]]></Comment><GPODisplayName><![CDATA[*- Tier 2 EUD MSFT Windows 11 24H2 - Computer]]></GPODisplayName></BackupInst><BackupInst><GPOGuid><![CDATA[{bb3bc2eb-d3c0-4444-ab42-26b631aefb4a}]]></GPOGuid><GPODomain><![CDATA[CONTOSO.COM]]></GPODomain><GPODomainGuid><![CDATA[{ea39afcd-e4e8-4773-bdff-4027a7a679b6}]]></GPODomainGuid><GPODomainController><![CDATA[SRV2025.CONTOSO.COM]]></GPODomainController><BackupTime><![CDATA[2025-09-11T09:40:10]]></BackupTime><ID><![CDATA[{D78AD664-0B9E-44D2-BCB4-056E6D766931}]]></ID><Comment><![CDATA[False]]></Comment><GPODisplayName><![CDATA[*- Tier 2 PAWs Internet Access Configuration - User]]></GPODisplayName></BackupInst><BackupInst><GPOGuid><![CDATA[{c5fb2d99-48d5-4c0b-9426-8897cc29256b}]]></GPOGuid><GPODomain><![CDATA[CONTOSO.COM]]></GPODomain><GPODomainGuid><![CDATA[{ea39afcd-e4e8-4773-bdff-4027a7a679b6}]]></GPODomainGuid><GPODomainController><![CDATA[SRV2025.CONTOSO.COM]]></GPODomainController><BackupTime><![CDATA[2025-09-11T09:40:10]]></BackupTime><ID><![CDATA[{55C74743-F16D-47B0-B8B6-9EC66114B10E}]]></ID><Comment><![CDATA[False]]></Comment><GPODisplayName><![CDATA[*- Tier 1 Servers MSFT Windows Server 2025 - Member Server]]></GPODisplayName></BackupInst><BackupInst><GPOGuid><![CDATA[{b9f5034d-61d7-4e9e-ad93-4863e708eeb1}]]></GPOGuid><GPODomain><![CDATA[CONTOSO.COM]]></GPODomain><GPODomainGuid><![CDATA[{ea39afcd-e4e8-4773-bdff-4027a7a679b6}]]></GPODomainGuid><GPODomainController><![CDATA[SRV2025.CONTOSO.COM]]></GPODomainController><BackupTime><![CDATA[2025-09-11T09:40:10]]></BackupTime><ID><![CDATA[{BDACE816-AC77-498F-968E-0D5A8B91A9BE}]]></ID><Comment><![CDATA[False]]></Comment><GPODisplayName><![CDATA[*- Tier 0 DCs MSFT Windows Server 2025 - Domain Controller]]></GPODisplayName></BackupInst><BackupInst><GPOGuid><![CDATA[{920f6a74-0e44-4fa1-af54-4d404f9fb789}]]></GPOGuid><GPODomain><![CDATA[CONTOSO.COM]]></GPODomain><GPODomainGuid><![CDATA[{ea39afcd-e4e8-4773-bdff-4027a7a679b6}]]></GPODomainGuid><GPODomainController><![CDATA[SRV2025.CONTOSO.COM]]></GPODomainController><BackupTime><![CDATA[2025-09-11T09:40:10]]></BackupTime><ID><![CDATA[{86ECEAC5-099E-4886-8DA3-1373C2A3F75D}]]></ID><Comment><![CDATA[False]]></Comment><GPODisplayName><![CDATA[*- Tier 1 PAWs Internet Access Configuration - User]]></GPODisplayName></BackupInst><BackupInst><GPOGuid><![CDATA[{1338df6e-05b5-4a44-b9a8-e3edd0001251}]]></GPOGuid><GPODomain><![CDATA[CONTOSO.COM]]></GPODomain><GPODomainGuid><![CDATA[{ea39afcd-e4e8-4773-bdff-4027a7a679b6}]]></GPODomainGuid><GPODomainController><![CDATA[SRV2025.CONTOSO.COM]]></GPODomainController><BackupTime><![CDATA[2025-09-11T09:40:10]]></BackupTime><ID><![CDATA[{7E8DDB08-5F8B-4146-8B89-A4D44B832239}]]></ID><Comment><![CDATA[False]]></Comment><GPODisplayName><![CDATA[*- Tier 1 Servers Staging]]></GPODisplayName></BackupInst><BackupInst><GPOGuid><![CDATA[{5bff0de4-fa2f-4798-a340-49a89dfae1b7}]]></GPOGuid><GPODomain><![CDATA[CONTOSO.COM]]></GPODomain><GPODomainGuid><![CDATA[{ea39afcd-e4e8-4773-bdff-4027a7a679b6}]]></GPODomainGuid><GPODomainController><![CDATA[SRV2025.CONTOSO.COM]]></GPODomainController><BackupTime><![CDATA[2025-09-11T09:40:10]]></BackupTime><ID><![CDATA[{4E455EB5-B34B-4200-899B-A6498305AF91}]]></ID><Comment><![CDATA[False]]></Comment><GPODisplayName><![CDATA[*- Tier 2 PAWs Windows LAPS - Computer]]></GPODisplayName></BackupInst><BackupInst><GPOGuid><![CDATA[{59c97c54-cb7a-4dd1-bf3c-e8b5518d06e8}]]></GPOGuid><GPODomain><![CDATA[CONTOSO.COM]]></GPODomain><GPODomainGuid><![CDATA[{ea39afcd-e4e8-4773-bdff-4027a7a679b6}]]></GPODomainGuid><GPODomainController><![CDATA[SRV2025.CONTOSO.COM]]></GPODomainController><BackupTime><![CDATA[2025-09-11T09:40:10]]></BackupTime><ID><![CDATA[{4AA59A85-5FD4-4DBA-A4AD-FEF91AA5ACC8}]]></ID><Comment><![CDATA[False]]></Comment><GPODisplayName><![CDATA[*- Tier 2 EUD Account Restrictions]]></GPODisplayName></BackupInst><BackupInst><GPOGuid><![CDATA[{edef6b90-ee5a-4fb7-a429-ec1316d226d3}]]></GPOGuid><GPODomain><![CDATA[CONTOSO.COM]]></GPODomain><GPODomainGuid><![CDATA[{ea39afcd-e4e8-4773-bdff-4027a7a679b6}]]></GPODomainGuid><GPODomainController><![CDATA[SRV2025.CONTOSO.COM]]></GPODomainController><BackupTime><![CDATA[2025-09-11T09:40:10]]></BackupTime><ID><![CDATA[{44EE5E88-B334-4652-89E3-7F7B46F28969}]]></ID><Comment><![CDATA[False]]></Comment><GPODisplayName><![CDATA[*- Tier 1 PAWs MSFT Windows Server 2025 - Domain Security]]></GPODisplayName></BackupInst><BackupInst><GPOGuid><![CDATA[{f430da41-9bc6-46d3-b0b0-14bf3f9eefe9}]]></GPOGuid><GPODomain><![CDATA[CONTOSO.COM]]></GPODomain><GPODomainGuid><![CDATA[{ea39afcd-e4e8-4773-bdff-4027a7a679b6}]]></GPODomainGuid><GPODomainController><![CDATA[SRV2025.CONTOSO.COM]]></GPODomainController><BackupTime><![CDATA[2025-09-11T09:40:10]]></BackupTime><ID><![CDATA[{4A1F4F27-8EBD-4ADF-B3F5-17FF04BD4DA9}]]></ID><Comment><![CDATA[False]]></Comment><GPODisplayName><![CDATA[*- Tier 0 PAWs SOE - User]]></GPODisplayName></BackupInst><BackupInst><GPOGuid><![CDATA[{6bba7a58-cbe0-40e8-917f-8bde83953046}]]></GPOGuid><GPODomain><![CDATA[CONTOSO.COM]]></GPODomain><GPODomainGuid><![CDATA[{ea39afcd-e4e8-4773-bdff-4027a7a679b6}]]></GPODomainGuid><GPODomainController><![CDATA[SRV2025.CONTOSO.COM]]></GPODomainController><BackupTime><![CDATA[2025-09-11T09:40:10]]></BackupTime><ID><![CDATA[{3D1F3397-9BB2-4E42-A03B-57B0298D43E1}]]></ID><Comment><![CDATA[False]]></Comment><GPODisplayName><![CDATA[*- Tier 0 PAWs SHF [Provider] [Version] - Computer]]></GPODisplayName></BackupInst><BackupInst><GPOGuid><![CDATA[{b6767dcc-22f6-4032-951f-8c2b9a710fff}]]></GPOGuid><GPODomain><![CDATA[CONTOSO.COM]]></GPODomain><GPODomainGuid><![CDATA[{ea39afcd-e4e8-4773-bdff-4027a7a679b6}]]></GPODomainGuid><GPODomainController><![CDATA[SRV2025.CONTOSO.COM]]></GPODomainController><BackupTime><![CDATA[2025-09-11T09:40:10]]></BackupTime><ID><![CDATA[{6651156A-9664-4F8F-9FE0-B6F8B0473C12}]]></ID><Comment><![CDATA[False]]></Comment><GPODisplayName><![CDATA[*- Tier 2 EUD MSFT Windows 11 24H2 - Credential Guard]]></GPODisplayName></BackupInst><BackupInst><GPOGuid><![CDATA[{6d96425c-2b96-494e-bd77-59d70419feaa}]]></GPOGuid><GPODomain><![CDATA[CONTOSO.COM]]></GPODomain><GPODomainGuid><![CDATA[{ea39afcd-e4e8-4773-bdff-4027a7a679b6}]]></GPODomainGuid><GPODomainController><![CDATA[SRV2025.CONTOSO.COM]]></GPODomainController><BackupTime><![CDATA[2025-09-11T09:40:09]]></BackupTime><ID><![CDATA[{B10387AA-B3D8-4392-AEB1-A57C76CCD63F}]]></ID><Comment><![CDATA[False]]></Comment><GPODisplayName><![CDATA[*- Tier 2 EUA SHF [Provider] [Version] - User]]></GPODisplayName></BackupInst><BackupInst><GPOGuid><![CDATA[{3a23302c-cf7b-43c7-b51d-c642a55ada46}]]></GPOGuid><GPODomain><![CDATA[CONTOSO.COM]]></GPODomain><GPODomainGuid><![CDATA[{ea39afcd-e4e8-4773-bdff-4027a7a679b6}]]></GPODomainGuid><GPODomainController><![CDATA[SRV2025.CONTOSO.COM]]></GPODomainController><BackupTime><![CDATA[2025-09-11T09:40:09]]></BackupTime><ID><![CDATA[{A5C7EFF6-AE2C-400C-B51E-C2C64C91FF00}]]></ID><Comment><![CDATA[False]]></Comment><GPODisplayName><![CDATA[*- Tier 0 DCs PowerShell Auditing Policy - Computer]]></GPODisplayName></BackupInst><BackupInst><GPOGuid><![CDATA[{1c8931a7-56a9-472c-8b85-93f4cfd7ca33}]]></GPOGuid><GPODomain><![CDATA[CONTOSO.COM]]></GPODomain><GPODomainGuid><![CDATA[{ea39afcd-e4e8-4773-bdff-4027a7a679b6}]]></GPODomainGuid><GPODomainController><![CDATA[SRV2025.CONTOSO.COM]]></GPODomainController><BackupTime><![CDATA[2025-09-11T09:40:09]]></BackupTime><ID><![CDATA[{C5D7A184-0833-43D1-9040-E1B3D4C5FBB5}]]></ID><Comment><![CDATA[False]]></Comment><GPODisplayName><![CDATA[*- Tier 1 PAWs MSFT Windows 11 24H2 - Defender Antivirus]]></GPODisplayName></BackupInst><BackupInst><GPOGuid><![CDATA[{5e10c6f5-6bb4-4d3f-bf6c-11e2ddb3a1c0}]]></GPOGuid><GPODomain><![CDATA[CONTOSO.COM]]></GPODomain><GPODomainGuid><![CDATA[{ea39afcd-e4e8-4773-bdff-4027a7a679b6}]]></GPODomainGuid><GPODomainController><![CDATA[SRV2025.CONTOSO.COM]]></GPODomainController><BackupTime><![CDATA[2025-09-11T09:40:09]]></BackupTime><ID><![CDATA[{D6E2ECA9-8AB0-4244-A69E-5E061B058D87}]]></ID><Comment><![CDATA[False]]></Comment><GPODisplayName><![CDATA[*- Tier 2 PAWs MSFT Windows Server 2025 - Domain Security]]></GPODisplayName></BackupInst><BackupInst><GPOGuid><![CDATA[{5f9f5527-7377-4516-bf56-30c0b9906975}]]></GPOGuid><GPODomain><![CDATA[CONTOSO.COM]]></GPODomain><GPODomainGuid><![CDATA[{ea39afcd-e4e8-4773-bdff-4027a7a679b6}]]></GPODomainGuid><GPODomainController><![CDATA[SRV2025.CONTOSO.COM]]></GPODomainController><BackupTime><![CDATA[2025-09-11T09:40:09]]></BackupTime><ID><![CDATA[{CE78EF69-7234-43B5-A407-86AEA3E43BEB}]]></ID><Comment><![CDATA[False]]></Comment><GPODisplayName><![CDATA[*- Tier 0 Servers Staging]]></GPODisplayName></BackupInst><BackupInst><GPOGuid><![CDATA[{b5c272ff-ba4b-43f2-b71e-24d1a05ca1a3}]]></GPOGuid><GPODomain><![CDATA[CONTOSO.COM]]></GPODomain><GPODomainGuid><![CDATA[{ea39afcd-e4e8-4773-bdff-4027a7a679b6}]]></GPODomainGuid><GPODomainController><![CDATA[SRV2025.CONTOSO.COM]]></GPODomainController><BackupTime><![CDATA[2025-09-11T09:40:09]]></BackupTime><ID><![CDATA[{70F98DC3-8A59-42A9-8B01-CC699639E89C}]]></ID><Comment><![CDATA[False]]></Comment><GPODisplayName><![CDATA[*- Tier 1 PAWs MSFT Windows 11 24H2 - BitLocker]]></GPODisplayName></BackupInst><BackupInst><GPOGuid><![CDATA[{b932b769-21fa-425f-80bb-c27b70f7c4d7}]]></GPOGuid><GPODomain><![CDATA[CONTOSO.COM]]></GPODomain><GPODomainGuid><![CDATA[{ea39afcd-e4e8-4773-bdff-4027a7a679b6}]]></GPODomainGuid><GPODomainController><![CDATA[SRV2025.CONTOSO.COM]]></GPODomainController><BackupTime><![CDATA[2025-09-11T09:40:09]]></BackupTime><ID><![CDATA[{D2536B5E-7EEC-457A-AFA9-AA2A48BA84FC}]]></ID><Comment><![CDATA[False]]></Comment><GPODisplayName><![CDATA[*- Tier 0 PAWs SOE - Computer]]></GPODisplayName></BackupInst><BackupInst><GPOGuid><![CDATA[{f739f2a6-f97e-4108-bde9-92d976a04ce1}]]></GPOGuid><GPODomain><![CDATA[CONTOSO.COM]]></GPODomain><GPODomainGuid><![CDATA[{ea39afcd-e4e8-4773-bdff-4027a7a679b6}]]></GPODomainGuid><GPODomainController><![CDATA[SRV2025.CONTOSO.COM]]></GPODomainController><BackupTime><![CDATA[2025-09-11T09:40:09]]></BackupTime><ID><![CDATA[{F543EB51-5E29-45E7-8CFF-334A1F9361E9}]]></ID><Comment><![CDATA[False]]></Comment><GPODisplayName><![CDATA[*- Tier 2 EUD MSFT Edge Version 128 - Computer]]></GPODisplayName></BackupInst><BackupInst><GPOGuid><![CDATA[{9a1285b0-7127-4e06-8ba2-ed82d6ee8fad}]]></GPOGuid><GPODomain><![CDATA[CONTOSO.COM]]></GPODomain><GPODomainGuid><![CDATA[{ea39afcd-e4e8-4773-bdff-4027a7a679b6}]]></GPODomainGuid><GPODomainController><![CDATA[SRV2025.CONTOSO.COM]]></GPODomainController><BackupTime><![CDATA[2025-09-11T09:40:09]]></BackupTime><ID><![CDATA[{9D640BE2-2D1C-4685-8CEC-017AC2DDAFCE}]]></ID><Comment><![CDATA[False]]></Comment><GPODisplayName><![CDATA[*- Tier Model Template Tier 0 Servers Account Restrictions - Override - Deny Batch]]></GPODisplayName></BackupInst><BackupInst><GPOGuid><![CDATA[{1f26f1aa-689f-4e9d-ab10-b9a780dfd9f6}]]></GPOGuid><GPODomain><![CDATA[CONTOSO.COM]]></GPODomain><GPODomainGuid><![CDATA[{ea39afcd-e4e8-4773-bdff-4027a7a679b6}]]></GPODomainGuid><GPODomainController><![CDATA[SRV2025.CONTOSO.COM]]></GPODomainController><BackupTime><![CDATA[2025-09-11T09:40:09]]></BackupTime><ID><![CDATA[{92F761D7-7D15-4CA5-AF6C-0CB995AE1D2E}]]></ID><Comment><![CDATA[False]]></Comment><GPODisplayName><![CDATA[*- Tier Model Template Tier 0 Servers Account Restrictions - Override - Deny Remote Desktop]]></GPODisplayName></BackupInst><BackupInst><GPOGuid><![CDATA[{edab2e93-4813-46c2-98e1-0cd45f062156}]]></GPOGuid><GPODomain><![CDATA[CONTOSO.COM]]></GPODomain><GPODomainGuid><![CDATA[{ea39afcd-e4e8-4773-bdff-4027a7a679b6}]]></GPODomainGuid><GPODomainController><![CDATA[SRV2025.CONTOSO.COM]]></GPODomainController><BackupTime><![CDATA[2025-09-11T09:40:05]]></BackupTime><ID><![CDATA[{56607E7B-E6D0-4E9F-B120-2D489D981F5F}]]></ID><Comment><![CDATA[False]]></Comment><GPODisplayName><![CDATA[*- Tier 0 PAWs Devices Base AppLocker Enforce]]></GPODisplayName></BackupInst></Backups>