<BackupInst xmlns="http://www.microsoft.com/GroupPolicy/GPOOperations/Manifest"><GPOGuid><![CDATA[{1fe344aa-b200-4d7b-99ce-8bf1b352300d}]]></GPOGuid><GPODomain><![CDATA[CONTOSO.COM]]></GPODomain><GPODomainGuid><![CDATA[{ea39afcd-e4e8-4773-bdff-4027a7a679b6}]]></GPODomainGuid><GPODomainController><![CDATA[SRV2025.CONTOSO.COM]]></GPODomainController><BackupTime><![CDATA[2025-09-11T09:32:52]]></BackupTime><ID><![CDATA[{39E5C2BD-DA21-40AA-9B20-77B5ED064FBB}]]></ID><Comment><![CDATA[False]]></Comment><GPODisplayName><![CDATA[*- Tier 2 EUA MSFT Microsoft 365 Apps v2412 - Require Macro Signing - User]]></GPODisplayName></BackupInst>
