<BackupInst xmlns="http://www.microsoft.com/GroupPolicy/GPOOperations/Manifest"><GPOGuid><![CDATA[{6d6339c3-9c1b-442c-a20c-841f5aff55f8}]]></GPOGuid><GPODomain><![CDATA[CONTOSO.COM]]></GPODomain><GPODomainGuid><![CDATA[{ea39afcd-e4e8-4773-bdff-4027a7a679b6}]]></GPODomainGuid><GPODomainController><![CDATA[SRV2025.CONTOSO.COM]]></GPODomainController><BackupTime><![CDATA[2025-09-11T09:32:51]]></BackupTime><ID><![CDATA[{21ECEEF4-F8E0-4A2D-9477-FBA0F2296965}]]></ID><Comment><![CDATA[False]]></Comment><GPODisplayName><![CDATA[*- Tier 2 PAWs Firewall Restrictions]]></GPODisplayName></BackupInst>
