<BackupInst xmlns="http://www.microsoft.com/GroupPolicy/GPOOperations/Manifest"><GPOGuid><![CDATA[{a5978022-a757-4bfc-b481-4a6d48b99a59}]]></GPOGuid><GPODomain><![CDATA[CONTOSO.COM]]></GPODomain><GPODomainGuid><![CDATA[{ea39afcd-e4e8-4773-bdff-4027a7a679b6}]]></GPODomainGuid><GPODomainController><![CDATA[SRV2025.CONTOSO.COM]]></GPODomainController><BackupTime><![CDATA[2025-09-11T09:32:51]]></BackupTime><ID><![CDATA[{5F7CAF20-39C3-4006-9CA2-21C6E350C9BC}]]></ID><Comment><![CDATA[False]]></Comment><GPODisplayName><![CDATA[*- Tier 1 Servers MSFT Windows Server 2025 - Member Server Credential Guard]]></GPODisplayName></BackupInst>
