<BackupInst xmlns="http://www.microsoft.com/GroupPolicy/GPOOperations/Manifest"><GPOGuid><![CDATA[{4c13cca9-d5df-4e51-aa2f-490e0b394ed7}]]></GPOGuid><GPODomain><![CDATA[CONTOSO.COM]]></GPODomain><GPODomainGuid><![CDATA[{ea39afcd-e4e8-4773-bdff-4027a7a679b6}]]></GPODomainGuid><GPODomainController><![CDATA[SRV2025.CONTOSO.COM]]></GPODomainController><BackupTime><![CDATA[2025-09-11T09:32:57]]></BackupTime><ID><![CDATA[{EBC4D2CA-4C59-42C3-B49B-E4D6FCE2F40D}]]></ID><Comment><![CDATA[False]]></Comment><GPODisplayName><![CDATA[*- Tier 2 PAWs Devices Base AppLocker Enforce]]></GPODisplayName></BackupInst>
