<BackupInst xmlns="http://www.microsoft.com/GroupPolicy/GPOOperations/Manifest"><GPOGuid><![CDATA[{1f26f1aa-689f-4e9d-ab10-b9a780dfd9f6}]]></GPOGuid><GPODomain><![CDATA[CONTOSO.COM]]></GPODomain><GPODomainGuid><![CDATA[{ea39afcd-e4e8-4773-bdff-4027a7a679b6}]]></GPODomainGuid><GPODomainController><![CDATA[SRV2025.CONTOSO.COM]]></GPODomainController><BackupTime><![CDATA[2025-09-11T09:32:47]]></BackupTime><ID><![CDATA[{036A58EB-8B61-4AD5-A735-E8779C457C92}]]></ID><Comment><![CDATA[False]]></Comment><GPODisplayName><![CDATA[*- Tier Model Template Tier 0 Servers Account Restrictions - Override - Deny Remote Desktop]]></GPODisplayName></BackupInst>
