<BackupInst xmlns="http://www.microsoft.com/GroupPolicy/GPOOperations/Manifest"><GPOGuid><![CDATA[{df8f1b52-761f-4804-9579-5065f40c39b2}]]></GPOGuid><GPODomain><![CDATA[CONTOSO.COM]]></GPODomain><GPODomainGuid><![CDATA[{ea39afcd-e4e8-4773-bdff-4027a7a679b6}]]></GPODomainGuid><GPODomainController><![CDATA[SRV2025.CONTOSO.COM]]></GPODomainController><BackupTime><![CDATA[2025-09-11T09:32:58]]></BackupTime><ID><![CDATA[{97BAF392-08DC-4520-BC98-774A84FD751D}]]></ID><Comment><![CDATA[False]]></Comment><GPODisplayName><![CDATA[*- Tier Model Template Tier 0 Servers Account Restrictions - Override - Deny Network]]></GPODisplayName></BackupInst>
