<BackupInst xmlns="http://www.microsoft.com/GroupPolicy/GPOOperations/Manifest"><GPOGuid><![CDATA[{5e10c6f5-6bb4-4d3f-bf6c-11e2ddb3a1c0}]]></GPOGuid><GPODomain><![CDATA[CONTOSO.COM]]></GPODomain><GPODomainGuid><![CDATA[{ea39afcd-e4e8-4773-bdff-4027a7a679b6}]]></GPODomainGuid><GPODomainController><![CDATA[SRV2025.CONTOSO.COM]]></GPODomainController><BackupTime><![CDATA[2025-09-11T09:32:48]]></BackupTime><ID><![CDATA[{CF353C52-5884-45AB-891B-9F9FAE5F473B}]]></ID><Comment><![CDATA[False]]></Comment><GPODisplayName><![CDATA[*- Tier 2 PAWs MSFT Windows Server 2025 - Domain Security]]></GPODisplayName></BackupInst>
