<BackupInst xmlns="http://www.microsoft.com/GroupPolicy/GPOOperations/Manifest"><GPOGuid><![CDATA[{422c140a-87aa-41b8-b3f5-0c158adb428d}]]></GPOGuid><GPODomain><![CDATA[CONTOSO.COM]]></GPODomain><GPODomainGuid><![CDATA[{ea39afcd-e4e8-4773-bdff-4027a7a679b6}]]></GPODomainGuid><GPODomainController><![CDATA[SRV2025.CONTOSO.COM]]></GPODomainController><BackupTime><![CDATA[2025-09-11T09:32:55]]></BackupTime><ID><![CDATA[{41260AB8-DAFC-4EDA-85FB-5EFB238D3AF9}]]></ID><Comment><![CDATA[False]]></Comment><GPODisplayName><![CDATA[*- Tier 2 EUA MSFT Microsoft 365 Apps v2412 - DDE Block - User]]></GPODisplayName></BackupInst>
