<BackupInst xmlns="http://www.microsoft.com/GroupPolicy/GPOOperations/Manifest"><GPOGuid><![CDATA[{d51af988-3a27-446d-b9f9-7008cbcbcefa}]]></GPOGuid><GPODomain><![CDATA[CONTOSO.COM]]></GPODomain><GPODomainGuid><![CDATA[{ea39afcd-e4e8-4773-bdff-4027a7a679b6}]]></GPODomainGuid><GPODomainController><![CDATA[SRV2025.CONTOSO.COM]]></GPODomainController><BackupTime><![CDATA[2025-09-11T09:32:50]]></BackupTime><ID><![CDATA[{CFC3BA31-977A-4027-9EBC-8A74B9B02301}]]></ID><Comment><![CDATA[False]]></Comment><GPODisplayName><![CDATA[*- Tier 0 DCs MSFT Edge Version 128 - Computer]]></GPODisplayName></BackupInst>
