<BackupInst xmlns="http://www.microsoft.com/GroupPolicy/GPOOperations/Manifest"><GPOGuid><![CDATA[{fb572106-8eaf-45dd-abc1-3e50646fed61}]]></GPOGuid><GPODomain><![CDATA[CONTOSO.COM]]></GPODomain><GPODomainGuid><![CDATA[{ea39afcd-e4e8-4773-bdff-4027a7a679b6}]]></GPODomainGuid><GPODomainController><![CDATA[SRV2025.CONTOSO.COM]]></GPODomainController><BackupTime><![CDATA[2025-09-11T09:40:14]]></BackupTime><ID><![CDATA[{363008AE-2678-471E-AF14-7ECA7F51EAEA}]]></ID><Comment><![CDATA[False]]></Comment><GPODisplayName><![CDATA[*- Tier Model PAW Staging BitLocker]]></GPODisplayName></BackupInst>
