<BackupInst xmlns="http://www.microsoft.com/GroupPolicy/GPOOperations/Manifest"><GPOGuid><![CDATA[{5b1644d6-0934-48fe-a033-36481cfa2647}]]></GPOGuid><GPODomain><![CDATA[CONTOSO.COM]]></GPODomain><GPODomainGuid><![CDATA[{ea39afcd-e4e8-4773-bdff-4027a7a679b6}]]></GPODomainGuid><GPODomainController><![CDATA[SRV2025.CONTOSO.COM]]></GPODomainController><BackupTime><![CDATA[2025-09-11T09:32:53]]></BackupTime><ID><![CDATA[{B2106C42-47D8-4F6C-BD3C-F98C73B17176}]]></ID><Comment><![CDATA[False]]></Comment><GPODisplayName><![CDATA[*- Tier Model Template IIS and SQL URA - Computer]]></GPODisplayName></BackupInst>
