<BackupInst xmlns="http://www.microsoft.com/GroupPolicy/GPOOperations/Manifest"><GPOGuid><![CDATA[{88c6b267-2d76-46ef-aa97-46ef198636bb}]]></GPOGuid><GPODomain><![CDATA[CONTOSO.COM]]></GPODomain><GPODomainGuid><![CDATA[{ea39afcd-e4e8-4773-bdff-4027a7a679b6}]]></GPODomainGuid><GPODomainController><![CDATA[SRV2025.CONTOSO.COM]]></GPODomainController><BackupTime><![CDATA[2025-09-11T09:32:53]]></BackupTime><ID><![CDATA[{D15F0305-1212-4B25-876A-422A5E6BD62F}]]></ID><Comment><![CDATA[False]]></Comment><GPODisplayName><![CDATA[*- Tier Model Template Firewall Audit - Computer]]></GPODisplayName></BackupInst>
