<BackupInst xmlns="http://www.microsoft.com/GroupPolicy/GPOOperations/Manifest"><GPOGuid><![CDATA[{4af162f8-0dab-461c-a079-7005a022cb7e}]]></GPOGuid><GPODomain><![CDATA[CONTOSO.COM]]></GPODomain><GPODomainGuid><![CDATA[{ea39afcd-e4e8-4773-bdff-4027a7a679b6}]]></GPODomainGuid><GPODomainController><![CDATA[SRV2025.CONTOSO.COM]]></GPODomainController><BackupTime><![CDATA[2025-09-11T09:33:01]]></BackupTime><ID><![CDATA[{2D7745D6-8A80-4E32-A38B-8EB77FBA0805}]]></ID><Comment><![CDATA[False]]></Comment><GPODisplayName><![CDATA[*- Tier 2 EUD Windows LAPS - Computer]]></GPODisplayName></BackupInst>
