<BackupInst xmlns="http://www.microsoft.com/GroupPolicy/GPOOperations/Manifest"><GPOGuid><![CDATA[{b52b52e0-55c4-4756-8f00-de811ccce433}]]></GPOGuid><GPODomain><![CDATA[CONTOSO.COM]]></GPODomain><GPODomainGuid><![CDATA[{ea39afcd-e4e8-4773-bdff-4027a7a679b6}]]></GPODomainGuid><GPODomainController><![CDATA[SRV2025.CONTOSO.COM]]></GPODomainController><BackupTime><![CDATA[2025-09-11T09:40:20]]></BackupTime><ID><![CDATA[{449F6FF9-2F56-4815-9589-C1FF5845591B}]]></ID><Comment><![CDATA[False]]></Comment><GPODisplayName><![CDATA[*- Tier 1 PAWs MSFT Internet Explorer 11 - User]]></GPODisplayName></BackupInst>
